source_name,link,in_output,accessible
,https://workdrive.zoho.in/file/ea2zne2cd1b9f0b8745778d8cc181a1d8fe60,False,False
,https://workdrive.zoho.in/file/ofd56a04a5fde9efd43c894ed1dd29bde511e,False,False
,https://workdrive.zoho.in/file/yclw73937b03169b0411e89ad7189453ee0c2,False,False
,https://workdrive.zoho.in/file/7be2w8fe369097c114948a379d525e2abd2c1,False,False
,https://workdrive.zoho.in/file/7be2wf07fb6bb23b642dca7160fe13790f538,False,False
,https://workdrive.zoho.in/file/mp02130134cf0352d4ca2ac63723e3d019089,False,False
,https://workdrive.zoho.in/file/cg2nn783258c4460846b5985f962379f7baa1,False,False
,https://workdrive.zoho.in/file/cg2nne9774779af504d8a8e86a42546f9e9b3,False,False
,https://workdrive.zoho.in/file/4xdjhb87971661ccb4319ac9337b699fd5206,False,False
,https://workdrive.zoho.in/file/4xdjh90fb4d7c49934190a1ca40a64efb1b6a,False,False
,https://workdrive.zoho.in/file/4xdjh43d43f4eac154c28b7134605a703c1fc,False,False
,https://workdrive.zoho.in/file/4xdjh3dcfe4359918436bb7cb46f8df55b6d5,False,False
,https://workdrive.zoho.in/file/4xdjhf632cbf2eb914e1cb03ea113596076ab,False,False
,https://workdrive.zoho.in/file/435hh6bc80b1b0084419d8da3ae4ed0667ff0,False,False
,https://workdrive.zoho.in/file/fh79n936469d2c39e4fdb8bf4ef0ea227cc23,False,False
,https://workdrive.zoho.in/file/shhine78443325ed54d56852b47ef6c349114,False,False
,https://workdrive.zoho.in/file/shhina49d8ae2b9a0496bb8a6936c50b59efc,False,False
,https://workdrive.zoho.in/file/510qadd4fc8741a66466e8b40ebe82fada610,False,False
,https://workdrive.zoho.in/file/510qa42afcdc5832744ca9ad699cceef953a9,False,False
,https://workdrive.zoho.in/file/510qa7157b589dddc47a5a52d9f37ae60cae1,False,False
,https://workdrive.zoho.in/file/gsz1ocf0f6361560c4f2f99d431c8d6afd1ee,False,False
,https://workdrive.zoho.in/file/bhhqudeb3f04595834568875f23bf654ac07f,False,False
,https://workdrive.zoho.in/file/pabggad07d24d05b64aee8fe842a5d7e70519,False,False
,https://workdrive.zoho.in/file/fh79nc14bcf22945746998ad1107940784379,False,False
,https://workdrive.zoho.in/file/2ra2h2ec011594ac945da874a4afa83df9c94,False,False
,https://workdrive.zoho.in/file/510qa33f8943d1e0f4a32883e3a0f4e2dd3db,False,False
,https://workdrive.zoho.in/file/hwc477765f98400244282b4a8e20a1fcdf492,False,False
,https://workdrive.zoho.in/file/4xdjhb128e582bf904b6ebe4f4025c68ae6f8,False,False
,https://workdrive.zoho.in/file/pabgg0f994f1d795e41a1b4ed0148039fca54,False,False
,https://workdrive.zoho.in/file/pabgg3efcde0198134acaa3cc586fc9744653,False,False
,https://workdrive.zoho.in/file/hwc47ea591f6e61d0400ba1fbcfaa7fe7bbf4,False,False
,https://workdrive.zoho.in/file/p7iy5c98a6f3aee1243a5b896b714ebdaad95,False,False
,https://workdrive.zoho.in/file/p7iy5dfbdd6e14881442f86eeed656e043418,False,False
,https://workdrive.zoho.in/file/uakafb86ccdd27d5842618428e98b2c539adf,False,False
,https://workdrive.zoho.in/file/qyqoqcfd28ab9bc834da9a3eebae9ce485f44,False,False
,https://workdrive.zoho.in/file/2kue1793fe1cbcdc940bc8f021f1eea96070a,False,False
,https://workdrive.zoho.in/file/2kue1b0cccba916484475b0d76ad6776a0e3a,False,False
,https://workdrive.zoho.in/file/6jryn685fabd4a3cf485fa608592e12966a94,False,False
,https://workdrive.zoho.in/file/6jrynf2186a0c8fad47fc8d13c92af5b5c161,False,False
,https://workdrive.zoho.in/file/6jrync56f0f2375ed4400a3712c8487becbef,False,False
,https://workdrive.zoho.in/file/6jryn437cb836bae8485b8529ce8cd07287fe,False,False
,https://workdrive.zoho.in/file/uakaf0e5a7ffbbeed4b34889e5b2091d26142,False,False
,https://workdrive.zoho.in/file/qyqoq261ba3daa7f948939374263d723beb79,False,False
,https://workdrive.zoho.in/file/qyqoqafcd279a6b774913a84fa47729cbf49d,False,False
,https://workdrive.zoho.in/file/qyqoq8230a854d5a84813afb94631cc116ae0,False,False
,https://workdrive.zoho.in/file/qyqoq9eb382a482854b2685b88fbe5764de52,False,False
,https://workdrive.zoho.in/file/f9h0v683e2523787a478bb1dfa7c80721dbc7,False,False
,https://workdrive.zoho.in/file/wqwydf8426e5c05154087bbff99977d62b898,False,False
,https://workdrive.zoho.in/file/6jrynaedf841494d4421b8dbbd39fc3aef8b2,False,False
,https://workdrive.zoho.in/file/2kue1e38a46cf83564e1090c9402b5e27508c,False,False
,https://workdrive.zoho.in/file/j15l4f5786dd19ee244678e1d1c86d4136626,False,False
,https://workdrive.zoho.in/file/sxt59b936e60b8f93420c85cc230caee4432b,False,False
,https://workdrive.zoho.in/file/l4d772972773e5ec04238909202e96ec3c177,False,False
,https://workdrive.zoho.in/file/s926266079c34a0c04821bc7708af780fbd8f,False,False
,https://workdrive.zoho.in/file/mwsxe0f68497812ba4b7aadb74f9257d63e38,False,False
,https://workdrive.zoho.in/file/dj9iac83e6d054d7943b783013a9807a4dcb9,False,False
,https://workdrive.zoho.in/file/6ldvibf9dcd34cc36489b96af3fd447ef1655,False,False
,https://workdrive.zoho.in/file/x3dyz1348e607ab89416bb7552818ef3a81f0,False,False
,https://workdrive.zoho.in/file/nz3wh7acc895bd1474a69b558dda4116ff86f,False,False
,https://workdrive.zoho.in/file/nz3wh135b0e0eb38b4e768716af28af5578a5,False,False
,https://workdrive.zoho.in/file/mjszocd62090b5fb24480b0f29e789a6f509f,False,False
,https://workdrive.zoho.in/file/mjszo91ae31a1b27846e7b926119e4e90ac71,False,False
,https://workdrive.zoho.in/file/mjszo0e2b0101a0a94a15b030e2fb218d6ea4,False,False
,https://workdrive.zoho.in/file/mjszofb3e85baf49a4e0db6c3a94f7154065c,False,False
,https://workdrive.zoho.in/file/nz3wh7af5574693744d25af4192c0959939cb,False,False
,https://workdrive.zoho.in/file/9hgrqc6902edc1e464e8b86e2837f7aef8e34,False,False
,https://workdrive.zoho.in/file/9hgrq91eed3c8b4514435ac4a9e9bc572916f,False,False
,https://workdrive.zoho.in/file/9hgrqe7e8a308c6df4feb92d3dde88d3f22c6,False,False
,https://workdrive.zoho.in/file/9hgrq5d1c90e447c041e29076f371e4347035,False,False
,https://workdrive.zoho.in/file/9hgrq3cd91fe443f94d8e87560c59eefe7169,False,False
,https://workdrive.zoho.in/file/nz3wh6d4855e4a275444295549dae1e784ec2,False,False
,https://workdrive.zoho.in/file/jzztxce48fffe363d42f4baafc787da4c2bdc,False,False
,https://workdrive.zoho.in/file/hv58s3a79b7c62332447d9b7bad83d9ec1e42,False,False
,https://workdrive.zoho.in/file/5ez6i2de32ab3c22449d996fec40583a5db6a,False,False
,https://workdrive.zoho.in/file/m4578ce9d9e94c0b341c5a3d1c8d23ed3f9f7,False,False
,https://workdrive.zoho.in/file/fdy6b40ba819d8817462d90e4bf402cb0efe5,False,False
,https://workdrive.zoho.in/file/ue0u0a3085e1cddc64d4c8dd73c757ce58735,False,False
,https://workdrive.zoho.in/file/jw0g33afc4a533c174f08a289c340c882b323,False,False
,https://workdrive.zoho.in/file/ea2zn4aa6903603d7497ab339c12e86303818,False,False
,https://workdrive.zoho.in/file/ojjbqed4ebe2d571e437f89a7a5e70a4eca09,False,False
,https://workdrive.zoho.in/file/dsn77c9dc516965034e4f83aa7302c482f8eb,False,False
,https://workdrive.zoho.in/file/g3f7tb489bf47aa584af4b9a126711578f469,False,False
,https://workdrive.zoho.in/file/zu51z3fd79a8ad1824aeb9a91b1af7a6c80a6,False,False
,https://workdrive.zoho.in/file/cg2nn0222b2f6903b4c5cad94b556eea65cc2,False,False
,https://workdrive.zoho.in/file/pabgga825469944174e76a08dfe913d74b7e7,False,False
,https://workdrive.zoho.in/file/cg2nnc860a04f1d4a48faa8f7863c39d8caa7,False,False
,https://workdrive.zoho.in/file/cg2nn14056cd7465d4ce691a9e2c55321e57c,False,False
,https://workdrive.zoho.in/file/4xdjh5c1575b0b7d7445b98b25d14096b1471,False,False
,https://workdrive.zoho.in/file/shhin8d7056c3db7d4101a6e25f2052b5d628,False,False
,https://workdrive.zoho.in/file/shhin39919b29b96343dfaa1281ba65d993df,False,False
,https://workdrive.zoho.in/file/2ojp3d81ef5e440ca44a4ba2fe071a76365b8,False,False
,https://workdrive.zoho.in/file/4xdjh7018a0ab33ee40a4bf48d2eb443dfaf7,False,False
,https://workdrive.zoho.in/file/qpkuu668a3e86544e421f9337aa706204928c,False,False
,https://workdrive.zoho.in/file/2ojp36050c1f920364c768fdf4a48e1b953ba,False,False
,https://workdrive.zoho.in/file/435hh88169bbf4e524cc9b4e7fe7d0b9f7af5,False,False
,https://workdrive.zoho.in/file/pabgg2f77a89be99a4f0192c880ba12cb7bf2,False,False
,https://workdrive.zoho.in/file/fh79ne381ade3ed8946a5a91900d759009377,False,False
,https://workdrive.zoho.in/file/fh79n2fee30659816424a80c7fa5d9ee10fe6,False,False
,https://workdrive.zoho.in/file/ottdwaf92246f7b0f4fc1940a70fbb624805d,False,False
,https://workdrive.zoho.in/file/fh79n3930afcf7bdf46ffad505d8fd90bddaf,False,False
,https://workdrive.zoho.in/file/2ojp3ed16bd4d70c04853a6b4e928143f4adb,False,False
,https://workdrive.zoho.in/file/2ra2h36214be2b8ae4385917e23cb02abfb88,False,False
,https://workdrive.zoho.in/file/kkc9efa92ddabde2c4e3d94765ce94e66fd68,False,False
,https://workdrive.zoho.in/file/ottdw319e65917a644e92bdb298feddde2ad0,False,False
,https://workdrive.zoho.in/file/pabggfbd8f20e725a4824a3647fcf0c4befb6,False,False
,https://workdrive.zoho.in/file/yjcwi1e6a5b3548b8429fbc5441980d446165,False,False
,https://workdrive.zoho.in/file/hwc4706df4e73c23646cfa22c3ddb726acf33,False,False
,https://workdrive.zoho.in/file/zhubf5957872a8326497d8b4c06fbe819e2ef,False,False
,https://workdrive.zoho.in/file/dj9iad3ade8503ffd4b6084ccc9f017842f5c,False,False
,https://workdrive.zoho.in/file/p7iy549fdd6d293694ad19a3cfc28ec7ee1b8,False,False
,https://workdrive.zoho.in/file/p7iy5ba8ae051ac244a598117347aa7677003,False,False
,https://workdrive.zoho.in/file/p7iy5058a963d66e14be796415934e7851bea,False,False
,https://workdrive.zoho.in/file/p7iy5b698db187fb9416791821368a09922cc,False,False
,https://workdrive.zoho.in/file/j15l48fcab2d70f314ceba62c8e67b28a0312,False,False
,https://workdrive.zoho.in/file/wqwyd02dc168916fc43b0a6e63233bfc1ecb2,False,False
,https://workdrive.zoho.in/file/j15l4b0db532c73fd4af3970749afd14566c0,False,False
,https://workdrive.zoho.in/file/f9h0v40d2644ce46a4403a47a39cb290a0052,False,False
,https://workdrive.zoho.in/file/f9h0v0a252c817ee246dcb0b4e5a9758cf6fb,False,False
,https://workdrive.zoho.in/file/095h55db3fbe14f834675afa9459eaa51f31f,False,False
,https://workdrive.zoho.in/file/a7d218d05ca2b0d7d4e94979b29b7d19c43d8,False,False
,https://workdrive.zoho.in/file/a7d21123b1292d9ef4b0bbb565560d62b6896,False,False
,https://workdrive.zoho.in/file/a7d21585217ea379c4ee6b70965c49d9915d5,False,False
,https://workdrive.zoho.in/file/f48vv502d09cc08254230a129d3bd0def1e04,False,False
,https://workdrive.zoho.in/file/f48vv906303859d7c43c4851ad9f5782a63eb,False,False
,https://workdrive.zoho.in/file/kdqtx4dfd470e7ea64a9fb3595fbc4ab09ab6,False,False
,https://workdrive.zoho.in/file/mwsxe8f515e185d12456ea3ea90d7ac48f0b0,False,False
,https://workdrive.zoho.in/file/s9262636e1262da8f4bf3a77cb013d67e027b,False,False
,https://workdrive.zoho.in/file/fukzm8f37d94aaae744baad24f758a2121bbb,False,False
,https://workdrive.zoho.in/file/fukzm3c56c23bdc6846ffa5bc22f791b16560,False,False
,https://workdrive.zoho.in/file/8o8bp77207417241d4a81bd6e5870b16ca6fe,False,False
,https://workdrive.zoho.in/file/mwsxe87860246d728456a8ccd0b0d4482fc1c,False,False
,https://workdrive.zoho.in/file/2ra2hb3668816b45e4cbeb7633a5d879a1161,False,False
,https://workdrive.zoho.in/file/psfdk45de8087d0ba42cc91cd5cee2a0dffb4,False,False
,https://workdrive.zoho.in/file/6ldvi6bfe340c6c5d4a39bf19c45c6ff05ec1,False,False
,https://workdrive.zoho.in/file/nkuox834c99cc05b3466b8d762bfcbb4a0b82,False,False
,https://workdrive.zoho.in/file/3osm7366adc00ee0a48c4b83386344014653c,False,False
,https://workdrive.zoho.in/file/ydgt693dd5c4079ce46f7b270ad0ca11df22c,False,False
,https://workdrive.zoho.in/file/61q4j7c3bf1e5a8b64a47ba7645e8c2d924ff,False,False
,https://workdrive.zoho.in/file/n5d2h366c50570bbd4526bd21a8e84d6c802a,False,False
,https://workdrive.zoho.in/file/n5d2h99db22c3e9ab4957bf32892c19ed945f,False,False
,https://workdrive.zoho.in/file/up1lza97853c4b6264b89b45444ff91871611,False,False
,https://workdrive.zoho.in/file/up1lzf699c5c24969479b9527849108cffacf,False,False
,https://workdrive.zoho.in/file/up1lz88529ff3c3194ef28d15d2384b8b3c96,False,False
,https://workdrive.zoho.in/file/up1lz5b862b26c2fe424a998a32d793c997ea,False,False
,https://workdrive.zoho.in/file/up1lzcad71eaebd64420a97f732b1682e56b8,False,False
,https://workdrive.zoho.in/file/zotk86dc98620d15c47aa88c7f51bd58296b5,False,False
,https://workdrive.zoho.in/file/p39vw80e75750735d43b0800002182ada58f5,False,False
,https://workdrive.zoho.in/file/p39vw3bddcbb426be42e8a6ea29abfce63d0c,False,False
,https://workdrive.zoho.in/file/p39vw6ebdc7fde616440f948bc6b9b0e7e396,False,False
,https://workdrive.zoho.in/file/p39vw87e9ec6edbb147fcb60df1f56d6dc124,False,False
,https://workdrive.zoho.in/file/yjr6gc8e5c6b373e5424a964d232835517bdb,False,False
,https://workdrive.zoho.in/file/p39vw9ade1d16c1de4eea8cb0c350427b4177,False,False
,https://workdrive.zoho.in/file/p39vw8767a82e10864da4b799982f98e6b55b,False,False
,https://workdrive.zoho.in/file/jtok7ad2e371626ea4cf0a32060fd86df2487,False,False
,https://workdrive.zoho.in/file/https://workdrive.zoho.in/file/bwtg77b8b0ce333b2414cb8e85e9ddc8c2b88,False,False
,https://workdrive.zoho.in/file/kkc9e09957e00b278403ea5d0f0e0b4dfc604,False,False
,https://workdrive.zoho.in/file/kkc9eb6073805a36c489c9073ffabe8c4af1a,False,False
,https://workdrive.zoho.in/file/wyumw3b1d5bfd6474448cbd9fba83ae1b92a9,False,False
,https://workdrive.zoho.in/file/v8ybodc9a984d8de8486aa5a8b3c6e4e8de4f,False,False
,https://workdrive.zoho.in/file/v8ybob946d4249ebb4b04b31a2545bae3a821,False,False
,https://workdrive.zoho.in/file/f03zh56d5c8295cb944e995f30305127cd36e,False,False
,https://workdrive.zoho.in/file/f03zh262e7be29d9445369c3c1b07e48abdf8,False,False
,https://workdrive.zoho.in/file/f03zhdd5dbd4c20ec480c8bf993e78112545c,False,False
,https://workdrive.zoho.in/file/wyumwd66547e6b8df43689588eedbb6559759,False,False
,https://workdrive.zoho.in/file/yjr6g2490fdbc41bf49278c7f9fe6941a04f9,False,False
,https://workdrive.zoho.in/file/ma9uqf73b608cba504a458f5fa2d1384ab964,False,False
,https://workdrive.zoho.in/file/l1tkdd6c064d904e5489ea1dd3f6dd4827da4,False,False
,https://workdrive.zoho.in/file/skuoedd33b8fc454d4624aa944edc941d6a22,False,False
,https://workdrive.zoho.in/file/skuoeb19127f4753b47f8a2c69b97cebe902a,False,False
,https://workdrive.zoho.in/file/skuoe53517aecb9a64418adce217867d95712,False,False
,https://workdrive.zoho.in/file/bl5ambb4e854ec33b4a8b9d4ab30ccb54882f,False,False
,https://workdrive.zoho.in/file/bl5amd43397e473e147f8a1f07fa0d97b4a5f,False,False
,https://workdrive.zoho.in/file/kqvfr3ecdd453a995467b9f708d21ab2761b7,False,False
,https://workdrive.zoho.in/file/2u2rr4f109e0cac04447985a8efb7b0944df2,False,False
,https://workdrive.zoho.in/file/kqvfr7801e0138bee494ebe99e52239c7efc5,False,False
,https://workdrive.zoho.in/file/kqvfrd0cc4013c86e46eb84be2eac42959d96,False,False
,https://workdrive.zoho.in/file/kqvfre5939b2bc787471691396dee606418d6,False,False
,https://workdrive.zoho.in/file/2u2rrfbcbdc917d8c4dc08ccd5ab16e396be7,False,False
,https://workdrive.zoho.in/file/2u2rr6e5de9cee9ce487ca507e1bcb196f6da,False,False
,https://workdrive.zoho.in/file/bl5amf2d27abb03344f8bbe193ec85e3a3fca,False,False
,https://workdrive.zoho.in/file/go70v207abead7244423caa67884beb16c433,False,False
,https://workdrive.zoho.in/file/go70v418e35932a2a4cb89c24bc8004177ed5,False,False
,https://workdrive.zoho.in/file/serujc30f859933fd4db5a181331bae398f86,False,False
,https://workdrive.zoho.in/file/serujee52af569f3c4fa8ae6b0e38c4472c8a,False,False
,https://workdrive.zoho.in/file/go70v4614097464ef4abba6b86cb8124e8dce,False,False
,https://workdrive.zoho.in/file/go70v74f5dc032afb4976b96b3c45e4f681ff,False,False
,https://workdrive.zoho.in/file/go70ve4d2864476804a7383499d621324a22a,False,False
,https://workdrive.zoho.in/file/go70v29d76cf7a5ce4b56893cbd2fcbac190f,False,False
,https://workdrive.zoho.in/file/go70v96f6b48bdd4b445e9fe39c3be5ac1089,False,False
,https://workdrive.zoho.in/file/go70v8fd6bb2dfa724fc18ead594f0e3771b1,False,False
,https://workdrive.zoho.in/file/anv1v6c8903755d2e42638eaa3e1128ec1068,False,False
,https://workdrive.zoho.in/file/anv1vbe666ddd8ae94b2cacd0951aa70e7f00,False,False
,https://workdrive.zoho.in/file/anv1v37b9b9573f5f4543a0ff39e4f2f8f1cb,False,False
,https://workdrive.zoho.in/file/anv1v6a9ccfebc9a84182aa1ea1b1e3be8327,False,False
,https://workdrive.zoho.in/file/anv1v912860c47fe146e4b0d8462ee437eba0,False,False
,https://workdrive.zoho.in/file/anv1v14c450c183e44fbb80b9166a2243aaa8,False,False
,https://workdrive.zoho.in/file/serujc9f175642c8d433e95604d21f0ee4842,False,False
,https://workdrive.zoho.in/file/seruj12717126db6540cfb99b49b54ad787a2,False,False
,https://workdrive.zoho.in/file/serujb64ecbe7d91644b29fedc99540929d6b,False,False
,https://workdrive.zoho.in/file/serujac9b75260eac4be18b497442991dc436,False,False
,https://workdrive.zoho.in/file/serujf9744e9d92cf4615b932df45e66e954a,False,False
,https://workdrive.zoho.in/file/ifu0nae047b1873774bfa8532c654748c5f14,False,False
,https://workdrive.zoho.in/file/ifu0na724dbddb30e4316915243cef5211305,False,False
,https://workdrive.zoho.in/file/ifu0n189442b90c29485cb25704b4bc86594b,False,False
,https://workdrive.zoho.in/file/ifu0n10b771077da24f8994b3edcde6278a9b,False,False
,https://workdrive.zoho.in/file/ifu0n2e44619435c04aac9c011675385d68f1,False,False
,https://workdrive.zoho.in/file/ifu0n6766e5fdc0c24f2495a63e99c2de5df2,False,False
,https://workdrive.zoho.in/file/vn19v2140fc4a17d349208963bf7a0958340b,False,False
,https://workdrive.zoho.in/file/ifu0n4bf1f9a3775a4037a780bab160400b44,False,False
,https://workdrive.zoho.in/file/ifu0n5fb26e2e82574e1fa0551a8a2f958a17,False,False
,https://workdrive.zoho.in/file/ojb8d3b10d2ef0cd544f982a249f9e9d02e3d,False,False
,https://workdrive.zoho.in/file/6b17772532012ebc746ada4de97ef62bb85c7,False,False
,https://workdrive.zoho.in/file/nz3whfa6e1339111546d39b2c7ee477644531,False,False
,https://workdrive.zoho.in/file/6b177b366bd5893334cfabeb0b7ca15f4237c,False,False
,https://workdrive.zoho.in/file/vn19va8623b11298e4cd5ac458e96f0f469d8,False,False
,https://workdrive.zoho.in/file/qq0vw921d52f8197947459ae70aa3d180e5c0,False,False
,https://workdrive.zoho.in/file/qq0vwf57ab9f4457242f4a78aa90d49f8cafc,False,False
,https://workdrive.zoho.in/file/qq0vwe94ccd97b1474b49a6e26576ab3a6e66,False,False
,https://workdrive.zoho.in/file/zi6brd8afa561775842e68c16feb795da6f27,False,False
,https://workdrive.zoho.in/file/q0i09a8bc903fc33c4b5389aab4c4e0799485,False,False
,https://workdrive.zoho.in/file/3hscb350b7508433d4b9986ad50adf39a24c9,False,False
,https://workdrive.zoho.in/file/oyc0w3efb06ca8b6848499588ea8b9bd676dc,False,False
,https://workdrive.zoho.in/file/jzztx8b8d98f978004328b415dd91856741ca,False,False
,https://workdrive.zoho.in/file/8ro2yacb18a64f1e8488c85784a5264a0edd3,False,False
,https://workdrive.zoho.in/file/dsn77670beefcd9204dd189ff376c10acdc7e,False,False
,https://workdrive.zoho.in/file/dsn77553a42f4f0c34f99a6b28d0d6243d514,False,False
,https://workdrive.zoho.in/file/dsn777220635e4cb146f4a92292f5f4693bf2,False,False
,https://workdrive.zoho.in/file/g3f7tc0b2bea113544076a4a2f332fd9b9923,False,False
,https://workdrive.zoho.in/file/g3f7t2a6068278b3c4edea12aad7df0c994f3,False,False
,https://workdrive.zoho.in/file/mp021363a593350a44fd5b332b174eb1d01be,False,False
,https://workdrive.zoho.in/file/4xdjhd6a36ce6d78142418f3157630ec89a5c,False,False
,https://workdrive.zoho.in/file/4xdjhbc78512d4a204cd1914970328f2361c9,False,False
,https://workdrive.zoho.in/file/4xdjh838ca323b8f14db48e95f6a587e6f302,False,False
,https://workdrive.zoho.in/file/hwc477e2f1cf23bed47acaa565f8e0722b4b2,False,False
,https://workdrive.zoho.in/file/435hh8a29b659b7bb41eaab8d55e249cd7d2b,False,False
,https://workdrive.zoho.in/file/435hhb8b2ccfd4303491ba236684a48027b76,False,False
,https://workdrive.zoho.in/file/510qa304f8a74a8c24f399a1e0b6ab0b698f7,False,False
,https://workdrive.zoho.in/file/510qa9919d622fbf044e19a13f6f277862a70,False,False
,https://workdrive.zoho.in/file/510qa617f25ff92714bea8126bb66a5b089df,False,False
,https://workdrive.zoho.in/file/bhhqu95f59e0a312a471ba8f137156befb2df,False,False
,https://workdrive.zoho.in/file/shhin43c77d2dc68a48a58e6cf79dbf0e8a56,False,False
,https://workdrive.zoho.in/file/shhin33baa0a6ae4242fb8c6c42de2fe9b9f1,False,False
,https://workdrive.zoho.in/file/ottdwc54ab8a2ede445d5845c429bc4ffe7a0,False,False
,https://workdrive.zoho.in/file/shhined50e4f8480a4a4ab16dcdd3cf772bcc,False,False
,https://workdrive.zoho.in/file/2ojp38da748a0f282432f85d226ffbc28b033,False,False
,https://workdrive.zoho.in/file/2ojp385cecf21e0f24cdeb208f13fb7e8b888,False,False
,https://workdrive.zoho.in/file/2ojp37df975ddcb7949fe824a071b9081e172,False,False
,https://workdrive.zoho.in/file/2ra2h058b1cb063514ef6ba1178476048a0d8,False,False
,https://workdrive.zoho.in/file/fh79n8d522f23dd8043529090f937aa3e9272,False,False
,https://workdrive.zoho.in/file/fh79n21183e39cc77468d916323f10aa95f00,False,False
,https://workdrive.zoho.in/file/lpjr9aab5a94e403a4d608f2c91622cfaa76e,False,False
,https://workdrive.zoho.in/file/lpjr9a5ceea4013b84eee97a307e5e42c0abf,False,False
,https://workdrive.zoho.in/file/bhhqua42e0dd114e74724ac1d10818ab755d3,False,False
,https://workdrive.zoho.in/file/pabgga3d751e7c90b44c0aff7c86482b3ba36,False,False
,"https://workdrive.zoho.in/file/mp021ac112f57db8f4bc3a4e8a077facb54celogy Application Research Institute, Ludhiana",False,False
,https://workdrive.zoho.in/file/qqtbbe761ec9823534f1397c17f5fc98cd151,False,False
,https://workdrive.zoho.in/file/qqtbb30f298faf24746999251fd1fcae3e538,False,False
,https://workdrive.zoho.in/file/j15l4fd2098cbea7c44f787e7608a1b4d957d,False,False
,https://workdrive.zoho.in/file/uakafe122d22e04ee41088e8506e9a1aa106a,False,False
,https://workdrive.zoho.in/file/p7iy53dba2254374d4b65876d344c6113de9b,False,False
,https://workdrive.zoho.in/file/zhubf9eb3b3174f0649d0b594c229d9696408,False,False
,https://workdrive.zoho.in/file/p7iy596d85840be0744a686f0f3f6eeef55b8,False,False
,https://workdrive.zoho.in/file/p7iy5fdfad3200b06484ab51e295639e07455,False,False
,https://workdrive.zoho.in/file/p7iy5f853f8ebd746454db8df96637499bfc9,False,False
,https://workdrive.zoho.in/file/p7iy5d2090241ae794adea956ae8d9aad4148,False,False
,https://workdrive.zoho.in/file/wqwydfbab64a51faf47fbbe097cc276e42bc1,False,False
,https://workdrive.zoho.in/file/j15l490202a1f07754ea9919b0b51fc9594ef,False,False
,https://workdrive.zoho.in/file/wqwyd0d1652a4fb0e4ae38752b41cb82e1e74,False,False
,https://workdrive.zoho.in/file/kdqtxc67efd0c71cf4f5881ce3138211570b7,False,False
,https://workdrive.zoho.in/file/zhubf281ddfedfed7400b96687009886320b6,False,False
,https://workdrive.zoho.in/file/za6tm3e4715c9f9b542c79a20a7e077c7e7bc,False,False
,https://workdrive.zoho.in/file/7p3pgc14f74299699499ba385f1834c2e9c74,False,False
,https://workdrive.zoho.in/file/uoq8f2bf25c2326b747b58f0d3870bff859b0,False,False
,https://workdrive.zoho.in/file/ws66na88f8d9abfd44f9a81f4726489b1177d,False,False
,https://workdrive.zoho.in/file/yhysod116b54636f14f2894a46e2c72eeba49,False,False
,https://workdrive.zoho.in/file/ltgclcacf00c04919498ba2e1818359a781ec,False,False
,https://workdrive.zoho.in/file/f05xz9e12b053695f4e86a41980fd2758e9d9,False,False
,https://workdrive.zoho.in/file/f05xz6bb634dfd63046c2b2d5c01bdb83fe88,False,False
,https://workdrive.zoho.in/file/gxtko2b95a2c298fb41ff8910f7a491ca0a9f,False,False
,https://workdrive.zoho.in/file/mnji9442467936bfd4c60bb15ce07855ad34c,False,False
,https://workdrive.zoho.in/file/1ytda99d2fc5c29e24408bef6ffe1b45a0202,False,False
,https://workdrive.zoho.in/file/gxtko3db2923eef56451f8c4fb5e85f3e5105,False,False
,https://workdrive.zoho.in/file/0vc131e6a5cc6f5434420b22fb4bf66ddb6a7,False,False
,https://workdrive.zoho.in/file/xydfa960bcff252924b54990237e9ca81d17b,False,False
,https://workdrive.zoho.in/file/1ytda352f712eb67542da873e395dba8ec83b,False,False
,https://workdrive.zoho.in/file/1ytdab45f8a5c9dc44601859a96a37fb2101b,False,False
,https://workdrive.zoho.in/file/1ytdaca6fdf25fde24840a008b5c7833e4c38,False,False
,https://workdrive.zoho.in/file/mnji9bec6fff596c4436aa22195db07917b89,False,False
,https://workdrive.zoho.in/file/y1ay0c08c6d2d0045493e986e7591ffb140f5,False,False
,https://workdrive.zoho.in/file/mnji9f20ea1863f804d46ae2aedb7233edeeb,False,False
,https://workdrive.zoho.in/file/f19a65a4f9aa07d9449b693bdfae32cbc2705,False,False
,https://workdrive.zoho.in/file/w878lc032598a1ea847e5aa3c9aa38cb21849,False,False
,https://workdrive.zoho.in/file/w878lf52bdfe5bae84c22a267a1921681a533,False,False
,https://workdrive.zoho.in/file/f19a61d64936e99624bf799c1a32bc1f6be56,False,False
,https://workdrive.zoho.in/file/w878l64faa366a47f4167b31ce922bd2c84cc,False,False
,https://workdrive.zoho.in/file/w878l9b2d1697627f4c50a32c305c37bc4d66,False,False
,https://workdrive.zoho.in/file/f19a655ea8d1f69d94bd0b3571f1c6d913d44,False,False
,https://workdrive.zoho.in/file/r9vht29e1e65eed794204acec31ad8388dcab,False,False
,https://workdrive.zoho.in/file/w878l163902d563e14cc09a3402f2f5ba12a9,False,False
,https://workdrive.zoho.in/file/w878l2b93ee9de4cf4f72a414aee4c8f7f250,False,False
,https://workdrive.zoho.in/file/im5rbf6e6f11e4eb64f19bba435705be4471b,False,False
,https://workdrive.zoho.in/file/x45826e9f9eb9292541cd869cbde470a37585,False,False
,https://workdrive.zoho.in/file/l4d77be5767889c8c44bea4514134f7d0edf4,False,False
,https://workdrive.zoho.in/file/dj9iac12f69e5ef66421aa364f12b795fb28e,False,False
,https://workdrive.zoho.in/file/8o8bp201a427c9d7f4f3f9e1fba43f7a1be67,False,False
,https://workdrive.zoho.in/file/ws66nff96b0d0135a4a2b8a6188f7afbae551,False,False
,https://workdrive.zoho.in/file/7p3pg66d3b74f60a34480bc8e94474a64014d,False,False
,https://workdrive.zoho.in/file/ws66n03f5e49017e640a1bd79f005b5f4d703,False,False
,https://workdrive.zoho.in/file/yhysod4b078228bb34d6cb17e151a2f14fb30,False,False
,https://workdrive.zoho.in/file/yhyso702e89f4cff34340890873a2e9001a42,False,False
,https://workdrive.zoho.in/file/yhysoe9fd74a03f2f4c7cab19887275c1ccf7,False,False
,https://workdrive.zoho.in/file/140kf9801a18944304fd091ada24a52e9a116,False,False
,https://workdrive.zoho.in/file/ltgcl63cd90000d16495f98a7526af7078dd65,False,False
,https://workdrive.zoho.in/file/gxtkoe2b4b63ce5c440868b13803b1d4dbfc4,False,False
,https://workdrive.zoho.in/file/f05xzf73a637b87224314ba10257761b8bdee,False,False
,https://workdrive.zoho.in/file/gxtko8eca36624c6541efa17d9d964a5f5e33,False,False
,https://workdrive.zoho.in/file/f05xz4d7422350fe447c9a4504ab6f7b323e2,False,False
,https://workdrive.zoho.in/file/x11zqa7a6d86e5a1b4280a30912d11f0a8808,False,False
,https://workdrive.zoho.in/file/kkc9e36254e3c36434c2491cb1b2498962170,False,False
,https://workdrive.zoho.in/file/kkc9e15bdee1d071b4b6caeef9acda3aa266d,False,False
,https://workdrive.zoho.in/file/v8ybo42afd3c07c37409a999044b146828182,False,False
,https://workdrive.zoho.in/file/f03zh93a7ef4256304c84b216eb1437018939,False,False
,https://workdrive.zoho.in/file/f03zh417b15f88b8c40f88992df6158edfe67,False,False
,https://workdrive.zoho.in/file/f03zha7ad24c3902940bf8610f221558306aa,False,False
,https://workdrive.zoho.in/file/wyumwe36e9f96ab07403eaef8034c91550e98,False,False
,https://workdrive.zoho.in/file/wyumw8e58c92ddbea4e54b9ff9d645ab9edde,False,False
,https://workdrive.zoho.in/file/wyumwbb2ea72a0acf45db8bc981f4df4fa4b6,False,False
,https://workdrive.zoho.in/file/wyumwe6c268e7ff914b899fe8b6cd182de81c,False,False
,https://workdrive.zoho.in/file/l1tkdc87dcd77d9cc465b9c0eb570f8f1088e,False,False
,https://workdrive.zoho.in/file/f03zhe2ca349513694e40800d22634f369d01,False,False
,https://workdrive.zoho.in/file/ma9uqc8d68e298c9c4963b36da20a6c0bb4d6,False,False
,https://workdrive.zoho.in/file/skuoeff15e8f04da74b6ca5e9b28c619b51b8,False,False
,https://workdrive.zoho.in/file/skuoe29102843464f47df9a156fd11d298c19,False,False
,https://workdrive.zoho.in/file/p6f8l3f83bc7a79aa4caaa148ec7082afdec1,False,False
,https://workdrive.zoho.in/file/bl5am01334950a12d4f6eb37a91851f1d542a,False,False
,https://workdrive.zoho.in/file/bl5am420ecb8d389945cdbc87645d2e739df9,False,False
,https://workdrive.zoho.in/file/bl5am967d58064bc447c6abe8c2d0d03b177b,False,False
,https://workdrive.zoho.in/file/bl5am8e99587a18094bd594864cd95310a495,False,False
,https://workdrive.zoho.in/file/bl5am35f592a6aee349039c33486e873dcf7a,False,False
,https://workdrive.zoho.in/file/kqvfr32f61ff9dbdd422e925b2acbc54b8a37,False,False
,https://workdrive.zoho.in/file/kqvfr8ff85d5b082049a198efe2fb10bbd5c5,False,False
,https://workdrive.zoho.in/file/kqvfr4bc6f4391b3f460689dc63a6b8b9d7ba,False,False
,https://workdrive.zoho.in/file/kqvfrdc9bdfe6664b4af7b77b60687b89b31f,False,False
,https://workdrive.zoho.in/file/kqvfrf2777d9eef574427b2790c092e148d9d,False,False
,https://workdrive.zoho.in/file/kqvfr5e20bf1f7e7142ab86da5cd538839a9d,False,False
,https://workdrive.zoho.in/file/kqvfr51534c8ae6ce4e24b9af21b8eaf30709,False,False
,https://workdrive.zoho.in/file/kqvfrb738dd8e49854277a5bd51cb671f31a4,False,False
,https://workdrive.zoho.in/file/go70v06564f622cb041e293982b0375b10569,False,False
,https://workdrive.zoho.in/file/go70v462fc65db3e74bea884c2a312e3d82c6,False,False
,https://workdrive.zoho.in/file/go70v41bbde74d442444081b4d0cc76a1953d,False,False
,https://workdrive.zoho.in/file/go70v8364740c7dd84b77849c7e01d1dafe33,False,False
,https://workdrive.zoho.in/file/go70v72c1a352085e4227ae89ee378b8d61f6,False,False
,https://workdrive.zoho.in/file/go70v19704f7d39b0455784d3d335ffc8e45d,False,False
,https://workdrive.zoho.in/file/go70v0e53cab1fc734ffeafc5e80ff6843473,False,False
,https://workdrive.zoho.in/file/f03zhb252a46d39b84ce18be4480acedbfdcb,False,False
,https://workdrive.zoho.in/file/anv1vee29fcd21cfe469da29c09b750e1acf9,False,False
,https://workdrive.zoho.in/file/anv1v43308c6f93d14b93973e85c7c2d6cf64,False,False
,https://workdrive.zoho.in/file/ifu0ne6ff3d1d568c4e5d8e8c11a3307c51e5,False,False
,https://workdrive.zoho.in/file/mjszo2118e457e78f48e0b07e3b1667a00e43,False,False
,https://workdrive.zoho.in/file/6b177c95c83df30104252a5d8bf9b92b16ce7,False,False
,https://workdrive.zoho.in/file/6b1778f51d44321c641e08c64cf3f13f96cb6,False,False
,https://workdrive.zoho.in/file/mjszo8779b5093ee84827995bd16870c50737,False,False
,https://workdrive.zoho.in/file/q0i0931a4fbcb726848b9ab941730d5185ded,False,False
,https://workdrive.zoho.in/file/jzztx4d42cd2f719e42799d616f51df856c5d,False,False
,https://workdrive.zoho.in/file/7be2w4963d47b8ffc420485f1c8388e0b6f25,False,False
,https://workdrive.zoho.in/file/fdy6bdfdb6effeea7486da77b012386c13157,False,False
,https://workdrive.zoho.in/file/ea2znfe5e059a64ce4ef5802772452b88e930,False,False
,https://workdrive.zoho.in/file/g3f7td435a4512dd948ddad73c70a12a0badc,False,False
,https://workdrive.zoho.in/file/435hha4efa278f94b40089594ef2235b08256,False,False
,https://workdrive.zoho.in/file/4xdjhabe281cbe9704941af12c45e3279175f,False,False
,https://workdrive.zoho.in/file/4xdjh89cb5318fafe4d0cafbc782225f98eea,False,False
,https://workdrive.zoho.in/file/435hh78bd26772bd24ea0a233e790f63eaa43,False,False
,https://workdrive.zoho.in/file/ottdw94c1041cf2ef459b853ef0abd2d6ed60,False,False
,https://workdrive.zoho.in/file/shhin9410f10b42ba462ea80e33f66e0b7f47,False,False
,https://workdrive.zoho.in/file/fh79nefb530e1a7bc47d9ae7839d868ebf779,False,False
,https://workdrive.zoho.in/file/2ojp347b4a9c556ab4b8da5525e3d04a2bc08,False,False
,https://workdrive.zoho.in/file/2ra2h09947c69c8a64bb1b691e3e71801e4c1,False,False
,https://workdrive.zoho.in/file/2ra2hf6b9b34ccd2b4631bb6bbea9e8a73406,False,False
,https://workdrive.zoho.in/file/shhine4c0c068bb394533bcb89c690671dcfb,False,False
,https://workdrive.zoho.in/file/shhinc7ba0b69dd714a029569ba1be6f58ba8,False,False
,https://workdrive.zoho.in/file/pabgg6e3c1b3b8db046d5bf520f843ce0bb3f,False,False
,https://workdrive.zoho.in/file/pabgg8f5d707d1d5a44158a46810437a1f4e3,False,False
,https://workdrive.zoho.in/file/510qadc8a117fe72a4ac2ba2e71adafa5e0dd,False,False
,https://workdrive.zoho.in/file/ottdw61bb56ad48e94715a932c67ec73cbba7,False,False
,https://workdrive.zoho.in/file/hhrskf88f5a733b5e42098ca2b69e68d593c8,False,False
,https://workdrive.zoho.in/file/ottdwb0b30ac43c1b486e80922dddf0070cde,False,False
,https://workdrive.zoho.in/file/ottdw8710668d82374342b4eef4bab48d9186,False,False
,https://workdrive.zoho.in/file/bhhqu69c1cfc2e46e4018b7b7318950224381,False,False
,https://workdrive.zoho.in/file/p7iy5c40b1032e5594f1385ec27f44b06c466,False,False
,https://workdrive.zoho.in/file/mwsxe95d4e4366a7545ee9e3aa15cb8855f1e,False,False
,https://workdrive.zoho.in/file/p7iy5a340337832024760a61e84748dddcbb9,False,False
,https://workdrive.zoho.in/file/p7iy577aa4774d47a45f4a5fb2878b2dbd8e5,False,False
,https://workdrive.zoho.in/file/p7iy5b8ab4af2d2884fb9872b0aab0b1dc436,False,False
,https://workdrive.zoho.in/file/6jrynad61c3068ed14ee181fc7564c4941b1a,False,False
,https://workdrive.zoho.in/file/6jryn588839e2da5f493e982f4913bba795f8,False,False
,https://workdrive.zoho.in/file/qyqoqedd035ba58d1487fbd3f6c7c19b22555,False,False
,https://workdrive.zoho.in/file/6jryn38d466fcc606495e9dfd028964c39334,False,False
,https://workdrive.zoho.in/file/qyqoq37e6201dd9314e858cea2795bb457e97,False,False
,https://workdrive.zoho.in/file/qyqoqb5739d4c0b8549a8927d49bbe366d151,False,False
,https://workdrive.zoho.in/file/wqwyd0eaf7ae68a7d4229a01333cbd9ada40d,False,False
,https://workdrive.zoho.in/file/x4582b579c41c3b354a9dbeee6d8f00129864,False,False
,https://workdrive.zoho.in/file/mwsxeb1e8a07ba7f24878829186efd83a9e21,False,False
,https://workdrive.zoho.in/file/mwsxe059a907fee654f208d03c6fac76742c7,False,False
,https://workdrive.zoho.in/file/zhubf0c093e6a0b1049ee83cb3efd198a37d9,False,False
,https://workdrive.zoho.in/file/7bvgn84b80f1055c045d39618900678762280,False,False
,https://workdrive.zoho.in/file/mwsxe7ba8e1d5dadf42bbb7a2655e1a581178,False,False
,https://workdrive.zoho.in/file/a7d21a89fc7ba6e2841a590b461a689386f31https://workdrive.zoho.in/file/a7d21a89fc7ba6e2841a590b461a689386f31,False,False
,https://workdrive.zoho.in/file/uef6dc8ca835328e3438487ff4600340a6233,False,False
,https://workdrive.zoho.in/file/095h54dc34f1089a74a1e83769ae966ab817a,False,False
,https://workdrive.zoho.in/file/lwpx00f56564d9a634290b12a303b4112c686,False,False
,https://workdrive.zoho.in/file/vt5o1b59b362d32db4ba9bdacc89babd17de8,False,False
,https://workdrive.zoho.in/file/vswpl0024b38e16b34eaba3029ec281aa3db0,False,False
,https://workdrive.zoho.in/file/1x1sb275fedb1fe3e4e7584b988f24013c1b8https://workdrive.zoho.in/file/1x1sb275fedb1fe3e4e7584b988f24013c1b8,False,False
,https://workdrive.zoho.in/file/c1j4y68c7e90b012b4f87815323e08268777,False,False
,https://workdrive.zoho.in/file/bk3vw81c02226a856493bbef6cd7516964ff8,False,False
,https://workdrive.zoho.in/file/2yn4m7d2ca655825145c58327784e319f70ca,False,False
,https://workdrive.zoho.in/file/z1hra902d19379ba94b85af607613b617b2e0,False,False
,https://workdrive.zoho.in/file/z1hracbb85c1615114b219098ce4809e1c944,False,False
,https://workdrive.zoho.in/file/z1hra26d39ecd65f64e64bb3e7964f6b4ec73,False,False
,https://workdrive.zoho.in/file/wtnfr13e4b2feb16d486fa93d0266294bced5,False,False
,https://workdrive.zoho.in/file/wtnfr47f14783fc7a4df4b650f7083a4350f6,False,False
,https://workdrive.zoho.in/file/j7539ceb2b500cabe4407a251ed6306d41c92https://workdrive.zoho.in/file/j7539ceb2b500cabe4407a251ed6306d41c92,False,False
,https://workdrive.zoho.in/file/j7539fc6e37d2e85749bba25bd2af8d9727ad,False,False
,https://workdrive.zoho.in/file/wtnfr29e6c849a25e4e09bc749f113e9f0ca6,False,False
,https://workdrive.zoho.in/file/uapvbcdb8ba91d1b94e74904b37ffc640ebe1,False,False
,https://workdrive.zoho.in/file/lnrfy1644e1e706f04601b33b816638d7af6a,False,False
,https://workdrive.zoho.in/file/l67vl31d27b059878422eb3b9caa5eab3008d4,False,False
,https://workdrive.zoho.in/file/xboj625c6aeb61f4349868e8a4520d67b48c4,False,False
,https://workdrive.zoho.in/file/v5kwjfe089776bae24457b7b40d4691c085c5,False,False
,https://workdrive.zoho.in/file/iyhmo322d8ecc5c8a417499a30b6a669a1914,False,False
,https://workdrive.zoho.in/file/uapvb6232a8f693f24670969bcfbf23c1c80bhttps://workdrive.zoho.in/file/uapvb6232a8f693f24670969bcfbf23c1c80b,False,False
,https://workdrive.zoho.in/file/nkooe2bd3e4929af14b5882574d33ed1a35e3,False,False
,https://workdrive.zoho.in/file/v7533ccad584bffa147f3bd3d52c2bc96a605,False,False
,https://workdrive.zoho.in/file/u9pf71b9fd1dcf87d4b93847c36bc8487ae90,False,False
,https://workdrive.zoho.in/file/v5kwj3308e16e038b45fab365824494e36fb2,False,False
,https://workdrive.zoho.in/file/xww676d64b05866904175a21601ccbc4d7c21https://workdrive.zoho.in/file/xww676d64b05866904175a21601ccbc4d7c21,False,False
,https://workdrive.zoho.in/file/82egn2a6309ff5,False,False
,https://workdrive.zoho.in/file/pw6rd8518f21d81c34858829ccc592f2aa1db,False,False
,https://workdrive.zoho.in/file/pw6rd02a33cdd793d4dccb980d046ca12be8a,False,False
,https://workdrive.zoho.in/file/pw6rdeebe1c0b31f94e9eb583b7426ca6a019,False,False
,https://workdrive.zoho.in/file/hkx0jae5c8d4e6ee8482faa96a30028b4e836,False,False
,https://workdrive.zoho.in/file/2wk8feb5b2e4af565468cb7657146bc41d706,False,False
,https://workdrive.zoho.in/file/e5w44b2a0fb676b4a4361aac7f0a8468acd75,False,False
,https://workdrive.zoho.in/file/225ve2a6c433b063d47ed904594ec189da582,False,False
,https://workdrive.zoho.in/file/rznjh545df498afd94dc9b4782e7e6fc7e556,False,False
,https://workdrive.zoho.in/file/rznjh5c01a217dcd443dba65d513e29869a08,False,False
,https://workdrive.zoho.in/file/xyy4k4fae8e9cdb50403a88b94eb5c4cf6284,False,False
,https://workdrive.zoho.in/file/1j88occ0c618512694226919203def21bc630,False,False
,https://workdrive.zoho.in/file/0j2r53eebb8769e1741a68bdf6ee29033d080,False,False
,https://workdrive.zoho.in/file/zu51z77b1df0c2517414db0159f9ae7b034ab,False,False
,https://workdrive.zoho.in/file/zu51z484cf7b115964ce1ae8ac87a2d90bde7,False,False
,https://workdrive.zoho.in/file/zu51zed748521a97b4cccabd70815a4531521,False,False
