source_name,link
Repository of Advisory POPs folder,https://workdrive.zoho.in/619q27faa4dfaf0af4a34b94a6ee7630e4f99/privatespace/sharedwithme/allusers/zotk894e4c8cd1c2b40ef9bdfdd4bd39d316f?sfid=5ez6i17f7f720fd0f4dcaa9960915d73cdfd9
"IFFCO Zinc Sulphate Monohydrate - Indian Farmers Fertiliser Cooperative Limited, New Delhi",https://workdrive.zoho.in/file/ea2zne2cd1b9f0b8745778d8cc181a1d8fe60
,https://workdrive.zoho.in/file/ofd56a04a5fde9efd43c894ed1dd29bde511e
Journal of Crop and Weed-mustard,https://workdrive.zoho.in/file/yclw73937b03169b0411e89ad7189453ee0c2
ICAR - Termite Expert,https://workdrive.zoho.in/file/7be2w8fe369097c114948a379d525e2abd2c1
,https://workdrive.zoho.in/file/7be2wf07fb6bb23b642dca7160fe13790f538
,https://workdrive.zoho.in/file/mp02130134cf0352d4ca2ac63723e3d019089
,https://workdrive.zoho.in/file/cg2nn783258c4460846b5985f962379f7baa1
,https://workdrive.zoho.in/file/cg2nne9774779af504d8a8e86a42546f9e9b3
,https://workdrive.zoho.in/file/4xdjhb87971661ccb4319ac9337b699fd5206
,https://workdrive.zoho.in/file/4xdjh90fb4d7c49934190a1ca40a64efb1b6a
,https://workdrive.zoho.in/file/4xdjh43d43f4eac154c28b7134605a703c1fc
,https://workdrive.zoho.in/file/4xdjh3dcfe4359918436bb7cb46f8df55b6d5
Paddy Nuresery Management,https://workdrive.zoho.in/file/4xdjhf632cbf2eb914e1cb03ea113596076ab
,https://workdrive.zoho.in/file/435hh6bc80b1b0084419d8da3ae4ed0667ff0
,https://workdrive.zoho.in/file/fh79n936469d2c39e4fdb8bf4ef0ea227cc23
,https://workdrive.zoho.in/file/shhine78443325ed54d56852b47ef6c349114
,https://workdrive.zoho.in/file/shhina49d8ae2b9a0496bb8a6936c50b59efc
Insecticides for Paddy Crop,https://fertiliserindia.com/insecticide-for-paddy-crop/
,https://workdrive.zoho.in/file/510qadd4fc8741a66466e8b40ebe82fada610
,https://workdrive.zoho.in/file/510qa42afcdc5832744ca9ad699cceef953a9
,https://workdrive.zoho.in/file/510qa7157b589dddc47a5a52d9f37ae60cae1
,https://workdrive.zoho.in/file/gsz1ocf0f6361560c4f2f99d431c8d6afd1ee
,https://workdrive.zoho.in/file/bhhqudeb3f04595834568875f23bf654ac07f
,https://workdrive.zoho.in/file/pabggad07d24d05b64aee8fe842a5d7e70519
,https://workdrive.zoho.in/file/fh79nc14bcf22945746998ad1107940784379
Punjab Agriculture and Farmer welfare contract Numbers (SAS Nagar),https://workdrive.zoho.in/file/2ra2h2ec011594ac945da874a4afa83df9c94
,https://workdrive.zoho.in/file/510qa33f8943d1e0f4a32883e3a0f4e2dd3db
,https://workdrive.zoho.in/file/hwc477765f98400244282b4a8e20a1fcdf492
,https://workdrive.zoho.in/file/4xdjhb128e582bf904b6ebe4f4025c68ae6f8
,https://workdrive.zoho.in/file/pabgg0f994f1d795e41a1b4ed0148039fca54
,https://workdrive.zoho.in/file/pabgg3efcde0198134acaa3cc586fc9744653
,https://workdrive.zoho.in/file/hwc47ea591f6e61d0400ba1fbcfaa7fe7bbf4
,https://workdrive.zoho.in/file/p7iy5c98a6f3aee1243a5b896b714ebdaad95
,https://workdrive.zoho.in/file/p7iy5dfbdd6e14881442f86eeed656e043418
,https://workdrive.zoho.in/file/uakafb86ccdd27d5842618428e98b2c539adf
,https://workdrive.zoho.in/file/qyqoqcfd28ab9bc834da9a3eebae9ce485f44
,https://workdrive.zoho.in/file/2kue1793fe1cbcdc940bc8f021f1eea96070a
IFFCO - Zinc Sulphate Monohydrate,https://workdrive.zoho.in/file/2kue1b0cccba916484475b0d76ad6776a0e3a
"PM kisan scheme - Government of India, New Delhi",https://workdrive.zoho.in/file/6jryn685fabd4a3cf485fa608592e12966a94
PM Kisan Information,https://workdrive.zoho.in/file/6jrynf2186a0c8fad47fc8d13c92af5b5c161
,https://workdrive.zoho.in/file/6jrync56f0f2375ed4400a3712c8487becbef
,https://workdrive.zoho.in/folder/zu51z048426b28a4e4de6a4311da92bf93942
,https://workdrive.zoho.in/file/6jryn437cb836bae8485b8529ce8cd07287fe
,https://workdrive.zoho.in/file/uakaf0e5a7ffbbeed4b34889e5b2091d26142
,https://workdrive.zoho.in/file/qyqoq261ba3daa7f948939374263d723beb79
,https://workdrive.zoho.in/file/qyqoqafcd279a6b774913a84fa47729cbf49d
,https://workdrive.zoho.in/file/qyqoq8230a854d5a84813afb94631cc116ae0
,https://workdrive.zoho.in/file/qyqoq9eb382a482854b2685b88fbe5764de52
Direct seeding in rice using drum - seeder,https://workdrive.zoho.in/file/f9h0v683e2523787a478bb1dfa7c80721dbc7
Rice Varieties,https://rice-garud.icar-web.com/varieties.php
CGIAR-paddy,https://workdrive.zoho.in/file/wqwydf8426e5c05154087bbff99977d62b898
,https://workdrive.zoho.in/file/6jrynaedf841494d4421b8dbbd39fc3aef8b2
,https://workdrive.zoho.in/file/2kue1e38a46cf83564e1090c9402b5e27508c
,https://workdrive.zoho.in/file/j15l4f5786dd19ee244678e1d1c86d4136626
,https://workdrive.zoho.in/file/sxt59b936e60b8f93420c85cc230caee4432b
,https://workdrive.zoho.in/file/l4d772972773e5ec04238909202e96ec3c177
ICAR - Indian rice variety repository- Pusa basmathi 1718,https://workdrive.zoho.in/file/s926266079c34a0c04821bc7708af780fbd8f
,https://workdrive.zoho.in/file/mwsxe0f68497812ba4b7aadb74f9257d63e38
,https://workdrive.zoho.in/file/dj9iac83e6d054d7943b783013a9807a4dcb9
,https://workdrive.zoho.in/folder/zu51z97a024a8e58c420d8c6043f21a1ccde5
"TNAU- Crop management - Tamil Nadu Agricultural University, Coimbatore, Tamil Nadu",https://workdrive.zoho.in/file/6ldvibf9dcd34cc36489b96af3fd447ef1655
,https://workdrive.zoho.in/file/x3dyz1348e607ab89416bb7552818ef3a81f0
,https://workdrive.zoho.in/file/nz3wh7acc895bd1474a69b558dda4116ff86f
"DKVASS- KVK Raisen, Bhopal",https://workdrive.zoho.in/file/nz3wh135b0e0eb38b4e768716af28af5578a5
,https://workdrive.zoho.in/file/mjszocd62090b5fb24480b0f29e789a6f509f
,https://workdrive.zoho.in/file/mjszo91ae31a1b27846e7b926119e4e90ac71
,https://workdrive.zoho.in/file/mjszo0e2b0101a0a94a15b030e2fb218d6ea4
,https://workdrive.zoho.in/file/mjszofb3e85baf49a4e0db6c3a94f7154065c
,https://workdrive.zoho.in/file/nz3wh7af5574693744d25af4192c0959939cb
,https://workdrive.zoho.in/file/9hgrqc6902edc1e464e8b86e2837f7aef8e34
,https://workdrive.zoho.in/file/9hgrq91eed3c8b4514435ac4a9e9bc572916f
,https://workdrive.zoho.in/file/9hgrqe7e8a308c6df4feb92d3dde88d3f22c6
,https://workdrive.zoho.in/file/9hgrq5d1c90e447c041e29076f371e4347035
,https://workdrive.zoho.in/file/9hgrq3cd91fe443f94d8e87560c59eefe7169
POP Rapeseed and Mustard Punjab folder,https://workdrive.zoho.in/619q27faa4dfaf0af4a34b94a6ee7630e4f99/privatespace/sharedwithme/allusers/qq0vw6da65d8ac8cc475d976a4b6ee1a40144
GOI Meghalaya-Soil Testing Laboratory,https://workdrive.zoho.in/file/nz3wh6d4855e4a275444295549dae1e784ec2
,https://workdrive.zoho.in/file/jzztxce48fffe363d42f4baafc787da4c2bdc
POP Barley Madhya Pradesh folder,https://workdrive.zoho.in/619q27faa4dfaf0af4a34b94a6ee7630e4f99/privatespace/sharedwithme/allusers/jzztx8db599eddf074b0786415d9204e333fb?sfid=
,https://workdrive.zoho.in/file/hv58s3a79b7c62332447d9b7bad83d9ec1e42
,https://workdrive.zoho.in/file/5ez6i2de32ab3c22449d996fec40583a5db6a
,https://workdrive.zoho.in/file/m4578ce9d9e94c0b341c5a3d1c8d23ed3f9f7
,https://workdrive.zoho.in/file/fdy6b40ba819d8817462d90e4bf402cb0efe5
IFFCO-10:26:26,https://workdrive.zoho.in/file/ue0u0a3085e1cddc64d4c8dd73c757ce58735
,https://workdrive.zoho.in/file/jw0g33afc4a533c174f08a289c340c882b323
Seed Production Technology of Rapeseed & Mustard,https://workdrive.zoho.in/file/ea2zn4aa6903603d7497ab339c12e86303818
,https://workdrive.zoho.in/file/ojjbqed4ebe2d571e437f89a7a5e70a4eca09
,https://workdrive.zoho.in/file/dsn77c9dc516965034e4f83aa7302c482f8eb
,https://workdrive.zoho.in/file/g3f7tb489bf47aa584af4b9a126711578f469
,https://workdrive.zoho.in/file/zu51z3fd79a8ad1824aeb9a91b1af7a6c80a6
,https://workdrive.zoho.in/file/cg2nn0222b2f6903b4c5cad94b556eea65cc2
,https://workdrive.zoho.in/file/pabgga825469944174e76a08dfe913d74b7e7
,https://workdrive.zoho.in/file/cg2nnc860a04f1d4a48faa8f7863c39d8caa7
,https://workdrive.zoho.in/file/cg2nn14056cd7465d4ce691a9e2c55321e57c
,https://workdrive.zoho.in/file/4xdjh5c1575b0b7d7445b98b25d14096b1471
,https://workdrive.zoho.in/file/shhin8d7056c3db7d4101a6e25f2052b5d628
,https://workdrive.zoho.in/file/shhin39919b29b96343dfaa1281ba65d993df
,https://workdrive.zoho.in/file/2ojp3d81ef5e440ca44a4ba2fe071a76365b8
,https://workdrive.zoho.in/file/4xdjh7018a0ab33ee40a4bf48d2eb443dfaf7
,https://workdrive.zoho.in/file/qpkuu668a3e86544e421f9337aa706204928c
Punjab - Crop establishment methods and management practices,https://workdrive.zoho.in/file/2ojp36050c1f920364c768fdf4a48e1b953ba
,https://workdrive.zoho.in/file/435hh88169bbf4e524cc9b4e7fe7d0b9f7af5
,https://workdrive.zoho.in/file/pabgg2f77a89be99a4f0192c880ba12cb7bf2
Department contact no. - Punjab agriculture & farmer welfare,https://workdrive.zoho.in/file/fh79ne381ade3ed8946a5a91900d759009377
,https://workdrive.zoho.in/file/fh79n2fee30659816424a80c7fa5d9ee10fe6
,https://workdrive.zoho.in/file/ottdwaf92246f7b0f4fc1940a70fbb624805d
,https://workdrive.zoho.in/file/fh79n3930afcf7bdf46ffad505d8fd90bddaf
,https://workdrive.zoho.in/file/2ojp3ed16bd4d70c04853a6b4e928143f4adb
Rice - Pest Management,https://workdrive.zoho.in/file/2ra2h36214be2b8ae4385917e23cb02abfb88
,https://workdrive.zoho.in/file/kkc9efa92ddabde2c4e3d94765ce94e66fd68
,https://workdrive.zoho.in/file/ottdw319e65917a644e92bdb298feddde2ad0
,https://workdrive.zoho.in/file/pabggfbd8f20e725a4824a3647fcf0c4befb6
,https://www.iffco.in/en/potassium-nitrate
Preview Not Available,https://workdrive.zoho.in/file/yjcwi1e6a5b3548b8429fbc5441980d446165
,https://workdrive.zoho.in/file/hwc4706df4e73c23646cfa22c3ddb726acf33
,https://workdrive.zoho.in/file/zhubf5957872a8326497d8b4c06fbe819e2ef
Pesticides and Fertilizers Health Impact,https://workdrive.zoho.in/file/dj9iad3ade8503ffd4b6084ccc9f017842f5c
Rice knowledge bank-Paddy-Transplanting,https://workdrive.zoho.in/file/p7iy549fdd6d293694ad19a3cfc28ec7ee1b8
,https://workdrive.zoho.in/file/p7iy5ba8ae051ac244a598117347aa7677003
IRRI-Blue green algae collection,https://workdrive.zoho.in/file/p7iy5058a963d66e14be796415934e7851bea
,https://workdrive.zoho.in/file/p7iy5b698db187fb9416791821368a09922cc
,https://workdrive.zoho.in/file/j15l48fcab2d70f314ceba62c8e67b28a0312
,https://workdrive.zoho.in/file/wqwyd02dc168916fc43b0a6e63233bfc1ecb2
Grazm panchayat ration cad list UP,https://workdrive.zoho.in/file/j15l4b0db532c73fd4af3970749afd14566c0
,https://workdrive.zoho.in/file/f9h0v40d2644ce46a4403a47a39cb290a0052
,https://workdrive.zoho.in/file/f9h0v0a252c817ee246dcb0b4e5a9758cf6fb
Transforming rice cultivation through organic direct-seeded rice,https://workdrive.zoho.in/file/095h55db3fbe14f834675afa9459eaa51f31f
,https://workdrive.zoho.in/file/a7d218d05ca2b0d7d4e94979b29b7d19c43d8
,https://workdrive.zoho.in/file/a7d21123b1292d9ef4b0bbb565560d62b6896
"Entomology Research Unit, Department of Zoology, the University of Burdwan, Burdwan, West Bengal, India",https://workdrive.zoho.in/file/a7d21585217ea379c4ee6b70965c49d9915d5
,https://workdrive.zoho.in/file/f48vv502d09cc08254230a129d3bd0def1e04
,https://workdrive.zoho.in/file/f48vv906303859d7c43c4851ad9f5782a63eb
,https://workdrive.zoho.in/file/kdqtx4dfd470e7ea64a9fb3595fbc4ab09ab6
,https://workdrive.zoho.in/file/mwsxe8f515e185d12456ea3ea90d7ac48f0b0
,https://workdrive.zoho.in/file/s9262636e1262da8f4bf3a77cb013d67e027b
,https://workdrive.zoho.in/file/fukzm8f37d94aaae744baad24f758a2121bbb
,https://workdrive.zoho.in/file/fukzm3c56c23bdc6846ffa5bc22f791b16560
IARI- Pusa basmati varieties,https://workdrive.zoho.in/file/8o8bp77207417241d4a81bd6e5870b16ca6fe
,https://workdrive.zoho.in/file/mwsxe87860246d728456a8ccd0b0d4482fc1c
,https://workdrive.zoho.in/file/2ra2hb3668816b45e4cbeb7633a5d879a1161
,https://workdrive.zoho.in/file/psfdk45de8087d0ba42cc91cd5cee2a0dffb4
,https://workdrive.zoho.in/file/6ldvi6bfe340c6c5d4a39bf19c45c6ff05ec1
Preview not available,https://workdrive.zoho.in/file/nkuox834c99cc05b3466b8d762bfcbb4a0b82
,https://workdrive.zoho.in/file/3osm7366adc00ee0a48c4b83386344014653c
"IFFCO- Mono Ammonium Phosphate - Indian Farmers Fertiliser Cooperative Limited, New Delhi",https://workdrive.zoho.in/file/ydgt693dd5c4079ce46f7b270ad0ca11df22c
,https://www.icar.org.in/sites/default/files/2022-09/Rabi-Agro-Advisory-2021-22_0.pdf
"Sowings and other practices across zones of India
Crop Season 2024-25 (IIWBR)",https://iiwbr.org.in/wp-content/uploads/2025/01/Advisory-to-wheat-farmers-January-1-15-2025.pdf
DIRECTORATE OF PULSES DEVELOPMENT Report : 2019-20,https://dpd.gov.in/NLMT%20Report%20Rabi%20-2019-20.pdf
Crop Protection - Termite (Wheat),https://termitexpert.in/page.php?pageid=93
,https://www.kvkmuktsar.com/
,https://www.kvkmuktsar.com/contact-us.html
Crop Protection TNAU - Chilli Thrips,https://agritech.tnau.ac.in/crop_protection/crop_prot_crop_insect-veg_chillies_pest&disease.html
Crop Protection TNAU - Tomato Whitefly,https://agritech.tnau.ac.in/crop_protection/tomato/tomato_4.html
Insecticide list 2025 - PPQS,https://ppqs.gov.in/sites/default/files/1._mup_insecticide_03.04.2025.pdf
POP PAU Rabi crops 2025-26,https://drive.google.com/file/d/1zcJ_9vNIa4fcJ476bUq-qkoL0agk0TJi/view?usp=sharing
,https://www.pau.edu/content/ccil/pf/pp_rabi.pdf
Herbicide list 2025 - PPQS,https://ppqs.gov.in/sites/default/files/4._herbicides_mup_as_on_31.03.2025.pdf
,https://www.ppqs.gov.in/sites/default/files/1._mup_insecticide_03.04.2025.pdf
ICAR - Phalaris minor weed control,https://workdrive.zoho.in/file/61q4j7c3bf1e5a8b64a47ba7645e8c2d924ff
,https://www.iffco.in/en/nano-dap-liquid?
Fungicide list 2025 - PPQS,https://ppqs.gov.in/sites/default/files/2._chemical_mup_as_on_31.03.2025.pdf
,https://workdrive.zoho.in/file/n5d2h366c50570bbd4526bd21a8e84d6c802a
,https://workdrive.zoho.in/file/n5d2h99db22c3e9ab4957bf32892c19ed945f
,https://www.pau.edu/index.php?_act=manageContactUs&DO=contactUs
,https://workdrive.zoho.in/file/up1lza97853c4b6264b89b45444ff91871611
,https://workdrive.zoho.in/file/up1lzf699c5c24969479b9527849108cffacf
,https://workdrive.zoho.in/file/up1lz88529ff3c3194ef28d15d2384b8b3c96
,https://workdrive.zoho.in/file/up1lz5b862b26c2fe424a998a32d793c997ea
,https://workdrive.zoho.in/file/up1lzcad71eaebd64420a97f732b1682e56b8
,https://workdrive.zoho.in/file/zotk86dc98620d15c47aa88c7f51bd58296b5
PAU-KVK Extension officers contact,https://workdrive.zoho.in/file/p39vw80e75750735d43b0800002182ada58f5
PAU-KVK Extension officers contact,https://workdrive.zoho.in/file/p39vw3bddcbb426be42e8a6ea29abfce63d0c
,https://workdrive.zoho.in/folder/p39vw7b4d3d2bf0a14e8daeed1ed1383aaa53
,https://workdrive.zoho.in/file/p39vw6ebdc7fde616440f948bc6b9b0e7e396
,https://workdrive.zoho.in/file/p39vw87e9ec6edbb147fcb60df1f56d6dc124
Preview Not Available,https://workdrive.zoho.in/file/yjr6gc8e5c6b373e5424a964d232835517bdb
PAU-Farmer Welfare Department Contact Number,https://workdrive.zoho.in/file/p39vw9ade1d16c1de4eea8cb0c350427b4177
,https://workdrive.zoho.in/file/p39vw8767a82e10864da4b799982f98e6b55b
PMFBY,https://pmfby.gov.in/
,https://workdrive.zoho.in/file/jtok7ad2e371626ea4cf0a32060fd86df2487
,https://workdrive.zoho.in/file/https://workdrive.zoho.in/file/bwtg77b8b0ce333b2414cb8e85e9ddc8c2b88
,https://workdrive.zoho.in/file/kkc9e09957e00b278403ea5d0f0e0b4dfc604
,https://workdrive.zoho.in/file/kkc9eb6073805a36c489c9073ffabe8c4af1a
PAU-Use of Nano Urea,https://workdrive.zoho.in/file/wyumw3b1d5bfd6474448cbd9fba83ae1b92a9
,https://workdrive.zoho.in/file/v8ybodc9a984d8de8486aa5a8b3c6e4e8de4f
,https://workdrive.zoho.in/file/v8ybob946d4249ebb4b04b31a2545bae3a821
"ICAR-IIWBR, WHEAT CROP HEALTH NEWS LETTER, Karnal-132001,Haryana",https://workdrive.zoho.in/file/f03zh56d5c8295cb944e995f30305127cd36e
,https://workdrive.zoho.in/file/f03zh262e7be29d9445369c3c1b07e48abdf8
Punjab State Agri. Marketing Board Contact Information,https://workdrive.zoho.in/file/f03zhdd5dbd4c20ec480c8bf993e78112545c
,https://workdrive.zoho.in/file/wyumwd66547e6b8df43689588eedbb6559759
,https://www.cropscience.bayer.in/en/improve-yield/seed-growth-en/gaucho
Preview Not Available,https://workdrive.zoho.in/file/yjr6g2490fdbc41bf49278c7f9fe6941a04f9
AIRTCLE BLB,https://workdrive.zoho.in/file/ma9uqf73b608cba504a458f5fa2d1384ab964
,https://workdrive.zoho.in/file/l1tkdd6c064d904e5489ea1dd3f6dd4827da4
,https://workdrive.zoho.in/file/skuoedd33b8fc454d4624aa944edc941d6a22
,https://workdrive.zoho.in/file/skuoeb19127f4753b47f8a2c69b97cebe902a
,https://workdrive.zoho.in/file/skuoe53517aecb9a64418adce217867d95712
,https://workdrive.zoho.in/file/bl5ambb4e854ec33b4a8b9d4ab30ccb54882f
Canal Water Flow,https://workdrive.zoho.in/file/bl5amd43397e473e147f8a1f07fa0d97b4a5f
,https://www.indiacustomercare.com/madhya-pradesh-state-seed-certification-agency-contact-no?
,https://workdrive.zoho.in/file/kqvfr3ecdd453a995467b9f708d21ab2761b7
,https://workdrive.zoho.in/file/2u2rr4f109e0cac04447985a8efb7b0944df2
,https://workdrive.zoho.in/file/kqvfr7801e0138bee494ebe99e52239c7efc5
,https://workdrive.zoho.in/file/kqvfrd0cc4013c86e46eb84be2eac42959d96
,https://workdrive.zoho.in/file/kqvfre5939b2bc787471691396dee606418d6
,https://workdrive.zoho.in/folder/kqvfr4920cba0cbda4118ba30ce27227d8fdf
,https://workdrive.zoho.in/file/2u2rrfbcbdc917d8c4dc08ccd5ab16e396be7
,https://workdrive.zoho.in/file/2u2rr6e5de9cee9ce487ca507e1bcb196f6da
,https://workdrive.zoho.in/file/bl5amf2d27abb03344f8bbe193ec85e3a3fca
,https://workdrive.zoho.in/file/go70v207abead7244423caa67884beb16c433
MP e Uparjan Portal,https://workdrive.zoho.in/file/go70v418e35932a2a4cb89c24bc8004177ed5
,https://workdrive.zoho.in/file/serujc30f859933fd4db5a181331bae398f86
,https://workdrive.zoho.in/file/serujee52af569f3c4fa8ae6b0e38c4472c8a
MP e Uparjan application portal,https://workdrive.zoho.in/file/go70v4614097464ef4abba6b86cb8124e8dce
,https://workdrive.zoho.in/file/go70v74f5dc032afb4976b96b3c45e4f681ff
,https://workdrive.zoho.in/file/go70ve4d2864476804a7383499d621324a22a
NIPHM - Wheat,https://workdrive.zoho.in/file/go70v29d76cf7a5ce4b56893cbd2fcbac190f
PPQS Fungicide 2025,https://workdrive.zoho.in/file/go70v96f6b48bdd4b445e9fe39c3be5ac1089
Chief Minister Farmer Life Welfare Scheme (Madhya Pradesh),https://workdrive.zoho.in/file/go70v8fd6bb2dfa724fc18ead594f0e3771b1
Govt. of Madhyapradesh,https://workdrive.zoho.in/file/anv1v6c8903755d2e42638eaa3e1128ec1068
,https://workdrive.zoho.in/file/anv1vbe666ddd8ae94b2cacd0951aa70e7f00
IFFCO,https://workdrive.zoho.in/file/anv1v37b9b9573f5f4543a0ff39e4f2f8f1cb
Govt. of Madhyapradesh,https://workdrive.zoho.in/file/anv1v6a9ccfebc9a84182aa1ea1b1e3be8327
"National Informatics Centre,Ministry of Electronics & Information Technology, Govt. of India",https://workdrive.zoho.in/file/anv1v912860c47fe146e4b0d8462ee437eba0
,https://workdrive.zoho.in/file/anv1v14c450c183e44fbb80b9166a2243aaa8
,https://workdrive.zoho.in/file/serujc9f175642c8d433e95604d21f0ee4842
,https://workdrive.zoho.in/file/seruj12717126db6540cfb99b49b54ad787a2
,https://workdrive.zoho.in/file/serujb64ecbe7d91644b29fedc99540929d6b
Ministry of AgricultureDepartment of Agriculture and Co-operation- Agriculture marketing,https://workdrive.zoho.in/file/serujac9b75260eac4be18b497442991dc436
MoA&FW.-  Production Enhancement,https://workdrive.zoho.in/file/serujf9744e9d92cf4615b932df45e66e954a
,https://workdrive.zoho.in/file/ifu0nae047b1873774bfa8532c654748c5f14
,https://workdrive.zoho.in/file/ifu0na724dbddb30e4316915243cef5211305
AgMarket,https://workdrive.zoho.in/file/ifu0n189442b90c29485cb25704b4bc86594b
AgMarket,https://workdrive.zoho.in/file/ifu0n10b771077da24f8994b3edcde6278a9b
"NIC, Govt. of India",https://workdrive.zoho.in/file/ifu0n2e44619435c04aac9c011675385d68f1
BRIC-National Agri-Food andBiomanufacturing Institute,https://workdrive.zoho.in/file/ifu0n6766e5fdc0c24f2495a63e99c2de5df2
,https://workdrive.zoho.in/file/vn19v2140fc4a17d349208963bf7a0958340b
,https://workdrive.zoho.in/file/ifu0n4bf1f9a3775a4037a780bab160400b44
ICAR,https://workdrive.zoho.in/file/ifu0n5fb26e2e82574e1fa0551a8a2f958a17
Kisan Helpline- Soil Testing,https://workdrive.zoho.in/file/ojb8d3b10d2ef0cd544f982a249f9e9d02e3d
Government Questions and Answer's,https://workdrive.zoho.in/file/6b17772532012ebc746ada4de97ef62bb85c7
,https://workdrive.zoho.in/file/nz3whfa6e1339111546d39b2c7ee477644531
Crop Vareities,https://workdrive.zoho.in/file/6b177b366bd5893334cfabeb0b7ca15f4237c
,https://workdrive.zoho.in/file/vn19va8623b11298e4cd5ac458e96f0f469d8
mKisan - Farmer Registration,https://mkisan.gov.in/Home/FarmerRegistration
,https://workdrive.zoho.in/file/qq0vw921d52f8197947459ae70aa3d180e5c0
,https://workdrive.zoho.in/file/qq0vwf57ab9f4457242f4a78aa90d49f8cafc
,https://workdrive.zoho.in/file/qq0vwe94ccd97b1474b49a6e26576ab3a6e66
,https://workdrive.zoho.in/file/zi6brd8afa561775842e68c16feb795da6f27
,https://workdrive.zoho.in/file/q0i09a8bc903fc33c4b5389aab4c4e0799485
,https://workdrive.zoho.in/file/3hscb350b7508433d4b9986ad50adf39a24c9
Contact nos. PAU,https://farmerportal.pau.edu/contact.php
PAU - Home page,https://pauwp.pau.edu/
ICAR-MP-KVK laboratories,https://workdrive.zoho.in/file/oyc0w3efb06ca8b6848499588ea8b9bd676dc
,https://workdrive.zoho.in/file/jzztx8b8d98f978004328b415dd91856741ca
POP Wheat Madhya Pradesh folder,https://workdrive.zoho.in/619q27faa4dfaf0af4a34b94a6ee7630e4f99/privatespace/sharedwithme/allusers/zotk8f26a4449f10342459f4ffa8eb0166ab4
POP Barley Madhya Pradesh folder,https://workdrive.zoho.in/619q27faa4dfaf0af4a34b94a6ee7630e4f99/privatespace/sharedwithme/allusers/qq0vw67aef6dcb9b74d1299736b8d30452747?sfid=
"IFFCO DAP Fertilizer - Indian Farmers Fertiliser Cooperative Limited, New Delhi",https://workdrive.zoho.in/file/8ro2yacb18a64f1e8488c85784a5264a0edd3
,https://workdrive.zoho.in/file/dsn77670beefcd9204dd189ff376c10acdc7e
,https://workdrive.zoho.in/file/dsn77553a42f4f0c34f99a6b28d0d6243d514
,https://workdrive.zoho.in/file/dsn777220635e4cb146f4a92292f5f4693bf2
,https://workdrive.zoho.in/file/g3f7tc0b2bea113544076a4a2f332fd9b9923
,https://workdrive.zoho.in/file/g3f7t2a6068278b3c4edea12aad7df0c994f3
,https://workdrive.zoho.in/file/mp021363a593350a44fd5b332b174eb1d01be
,https://workdrive.zoho.in/file/4xdjhd6a36ce6d78142418f3157630ec89a5c
,https://workdrive.zoho.in/file/4xdjhbc78512d4a204cd1914970328f2361c9
,https://workdrive.zoho.in/file/4xdjh838ca323b8f14db48e95f6a587e6f302
,https://workdrive.zoho.in/file/hwc477e2f1cf23bed47acaa565f8e0722b4b2
,https://workdrive.zoho.in/file/435hh8a29b659b7bb41eaab8d55e249cd7d2b
,https://workdrive.zoho.in/file/435hhb8b2ccfd4303491ba236684a48027b76
,https://workdrive.zoho.in/file/510qa304f8a74a8c24f399a1e0b6ab0b698f7
,https://workdrive.zoho.in/file/510qa9919d622fbf044e19a13f6f277862a70
KVK Patiala,https://workdrive.zoho.in/file/510qa617f25ff92714bea8126bb66a5b089df
,https://workdrive.zoho.in/file/bhhqu95f59e0a312a471ba8f137156befb2df
,https://workdrive.zoho.in/file/shhin43c77d2dc68a48a58e6cf79dbf0e8a56
,https://workdrive.zoho.in/file/shhin33baa0a6ae4242fb8c6c42de2fe9b9f1
,https://workdrive.zoho.in/file/ottdwc54ab8a2ede445d5845c429bc4ffe7a0
,https://workdrive.zoho.in/file/shhined50e4f8480a4a4ab16dcdd3cf772bcc
,https://workdrive.zoho.in/file/2ojp38da748a0f282432f85d226ffbc28b033
,https://workdrive.zoho.in/file/2ojp385cecf21e0f24cdeb208f13fb7e8b888
,https://workdrive.zoho.in/file/2ojp37df975ddcb7949fe824a071b9081e172
,https://workdrive.zoho.in/file/2ra2h058b1cb063514ef6ba1178476048a0d8
,https://workdrive.zoho.in/file/fh79n8d522f23dd8043529090f937aa3e9272
,https://workdrive.zoho.in/file/fh79n21183e39cc77468d916323f10aa95f00
Journal of Cereal Research12(3): 247,https://workdrive.zoho.in/file/lpjr9aab5a94e403a4d608f2c91622cfaa76e
,https://workdrive.zoho.in/file/lpjr9a5ceea4013b84eee97a307e5e42c0abf
,https://workdrive.zoho.in/file/bhhqua42e0dd114e74724ac1d10818ab755d3
,https://workdrive.zoho.in/file/pabgga3d751e7c90b44c0aff7c86482b3ba36
,"https://workdrive.zoho.in/file/mp021ac112f57db8f4bc3a4e8a077facb54celogy Application Research Institute, Ludhiana"
POP Paddy - TNAU,https://agritech.tnau.ac.in/govt_schemes_services/aas/paddy.html
,https://workdrive.zoho.in/file/qqtbbe761ec9823534f1397c17f5fc98cd151
,https://workdrive.zoho.in/file/qqtbb30f298faf24746999251fd1fcae3e538
,https://workdrive.zoho.in/file/j15l4fd2098cbea7c44f787e7608a1b4d957d
,https://workdrive.zoho.in/file/uakafe122d22e04ee41088e8506e9a1aa106a
NABARD- Model business activity,https://workdrive.zoho.in/file/p7iy53dba2254374d4b65876d344c6113de9b
,https://workdrive.zoho.in/file/zhubf9eb3b3174f0649d0b594c229d9696408
IFCCO-NPK liquid consortium,https://workdrive.zoho.in/file/p7iy596d85840be0744a686f0f3f6eeef55b8
UPFR-Agristack,https://workdrive.zoho.in/file/p7iy5fdfad3200b06484ab51e295639e07455
,https://workdrive.zoho.in/file/p7iy5f853f8ebd746454db8df96637499bfc9
,https://workdrive.zoho.in/file/p7iy5d2090241ae794adea956ae8d9aad4148
,https://workdrive.zoho.in/file/wqwydfbab64a51faf47fbbe097cc276e42bc1
,https://workdrive.zoho.in/file/j15l490202a1f07754ea9919b0b51fc9594ef
IFFCO-NPK Liquid Consortia Bio-fertilizer,https://workdrive.zoho.in/file/wqwyd0d1652a4fb0e4ae38752b41cb82e1e74
,https://workdrive.zoho.in/file/kdqtxc67efd0c71cf4f5881ce3138211570b7
,https://workdrive.zoho.in/file/zhubf281ddfedfed7400b96687009886320b6
,https://workdrive.zoho.in/file/za6tm3e4715c9f9b542c79a20a7e077c7e7bc
,https://workdrive.zoho.in/file/7p3pgc14f74299699499ba385f1834c2e9c74
IFFCO-Nano urea,https://workdrive.zoho.in/file/uoq8f2bf25c2326b747b58f0d3870bff859b0
TNAU-Forestry,https://workdrive.zoho.in/file/ws66na88f8d9abfd44f9a81f4726489b1177d
IFFCO - Consortia,https://workdrive.zoho.in/file/yhysod116b54636f14f2894a46e2c72eeba49
Indian Journal of Entomology,https://workdrive.zoho.in/file/ltgclcacf00c04919498ba2e1818359a781ec
,https://workdrive.zoho.in/file/f05xz9e12b053695f4e86a41980fd2758e9d9
,https://workdrive.zoho.in/file/f05xz6bb634dfd63046c2b2d5c01bdb83fe88
,https://workdrive.zoho.in/file/gxtko2b95a2c298fb41ff8910f7a491ca0a9f
,https://workdrive.zoho.in/folder/zu51z3e4e6d3963c949e9b4be58db558de5b5
,https://workdrive.zoho.in/folder/zu51z49207ef408e24c359836b06cc3ee30de
,https://workdrive.zoho.in/file/mnji9442467936bfd4c60bb15ce07855ad34c
,https://workdrive.zoho.in/file/1ytda99d2fc5c29e24408bef6ffe1b45a0202
,https://workdrive.zoho.in/file/gxtko3db2923eef56451f8c4fb5e85f3e5105
Tips for getting higher yields - Paddy,https://workdrive.zoho.in/file/0vc131e6a5cc6f5434420b22fb4bf66ddb6a7
,https://workdrive.zoho.in/file/xydfa960bcff252924b54990237e9ca81d17b
,https://workdrive.zoho.in/file/1ytda352f712eb67542da873e395dba8ec83b
,https://workdrive.zoho.in/file/1ytdab45f8a5c9dc44601859a96a37fb2101b
IRRI - Ant Mangement,https://workdrive.zoho.in/file/1ytdaca6fdf25fde24840a008b5c7833e4c38
,https://workdrive.zoho.in/file/mnji9bec6fff596c4436aa22195db07917b89
,https://workdrive.zoho.in/folder/zu51za043d5e06d5a4581bde8b65aed2749c3?layout=list
SPIC SSP,https://workdrive.zoho.in/file/y1ay0c08c6d2d0045493e986e7591ffb140f5
,https://workdrive.zoho.in/file/mnji9f20ea1863f804d46ae2aedb7233edeeb
,https://workdrive.zoho.in/file/f19a65a4f9aa07d9449b693bdfae32cbc2705
,https://workdrive.zoho.in/file/w878lc032598a1ea847e5aa3c9aa38cb21849
,https://workdrive.zoho.in/file/w878lf52bdfe5bae84c22a267a1921681a533
,https://workdrive.zoho.in/file/f19a61d64936e99624bf799c1a32bc1f6be56
,https://workdrive.zoho.in/file/w878l64faa366a47f4167b31ce922bd2c84cc
,https://workdrive.zoho.in/file/w878l9b2d1697627f4c50a32c305c37bc4d66
,https://workdrive.zoho.in/file/f19a655ea8d1f69d94bd0b3571f1c6d913d44
,https://workdrive.zoho.in/file/r9vht29e1e65eed794204acec31ad8388dcab
,https://workdrive.zoho.in/file/w878l163902d563e14cc09a3402f2f5ba12a9
,https://workdrive.zoho.in/file/w878l2b93ee9de4cf4f72a414aee4c8f7f250
,https://workdrive.zoho.in/folder/0vc13a295ccb6ae9d474298d8f3343f02437f?layout=list
,https://www.kiran.nic.in/pdf/Agri-Kaleidoscope/NICRA/NICRA%20Rice%20English.pdf?
"Pandit Jawaharlal Nehru College of Agriculture and Research Institute, Karaikal",https://workdrive.zoho.in/file/im5rbf6e6f11e4eb64f19bba435705be4471b
kribhco-DAP,https://workdrive.zoho.in/file/x45826e9f9eb9292541cd869cbde470a37585
,https://workdrive.zoho.in/file/l4d77be5767889c8c44bea4514134f7d0edf4
Rice production in UP,https://workdrive.zoho.in/file/dj9iac12f69e5ef66421aa364f12b795fb28e
DRR Dhan 100 kamala Variety of Rice (Image) - IIRR,https://workdrive.zoho.in/file/8o8bp201a427c9d7f4f3f9e1fba43f7a1be67
TNAU-Weed,https://workdrive.zoho.in/file/ws66nff96b0d0135a4a2b8a6188f7afbae551
IFFCO (IFFCO Urban Gardens) E-ecommerce product page - Humic Secret – Humic + Fulvic Acid (Water Soluble Liquid),https://workdrive.zoho.in/file/7p3pg66d3b74f60a34480bc8e94474a64014d
GOI-NCOF waste decomposer,https://workdrive.zoho.in/file/ws66n03f5e49017e640a1bd79f005b5f4d703
,https://workdrive.zoho.in/folder/8r5l9ff3c6ea4fea240de9a0d814844f5574a
Preview Not Available,https://workdrive.zoho.in/file/yhysod4b078228bb34d6cb17e151a2f14fb30
Preview Not Available,https://workdrive.zoho.in/file/yhyso702e89f4cff34340890873a2e9001a42
DST- Surfactant Based Spectroscopically Active Ionic,https://workdrive.zoho.in/file/yhysoe9fd74a03f2f4c7cab19887275c1ccf7
MIKOZEN - IFFCO,https://workdrive.zoho.in/file/140kf9801a18944304fd091ada24a52e9a116
,https://workdrive.zoho.in/file/ltgcl63cd90000d16495f98a7526af7078dd65
,https://workdrive.zoho.in/file/gxtkoe2b4b63ce5c440868b13803b1d4dbfc4
,https://workdrive.zoho.in/file/f05xzf73a637b87224314ba10257761b8bdee
,https://workdrive.zoho.in/file/gxtko8eca36624c6541efa17d9d964a5f5e33
,https://workdrive.zoho.in/file/f05xz4d7422350fe447c9a4504ab6f7b323e2
,https://workdrive.zoho.in/folder/ltgclebd28edbe8c547aab5a0bf8f9ea0445f?layout=list
UP-Agriculture Department Contact No,https://workdrive.zoho.in/file/x11zqa7a6d86e5a1b4280a30912d11f0a8808
,https://workdrive.zoho.in/file/kkc9e36254e3c36434c2491cb1b2498962170
,https://workdrive.zoho.in/file/kkc9e15bdee1d071b4b6caeef9acda3aa266d
Punjab State Agri. Marketing Board Contact No,https://workdrive.zoho.in/file/v8ybo42afd3c07c37409a999044b146828182
,https://workdrive.zoho.in/folder/zotk8f26a4449f10342459f4ffa8eb0166ab4?layout=list
,https://workdrive.zoho.in/file/f03zh93a7ef4256304c84b216eb1437018939
,https://workdrive.zoho.in/file/f03zh417b15f88b8c40f88992df6158edfe67
,https://workdrive.zoho.in/file/f03zha7ad24c3902940bf8610f221558306aa
,https://workdrive.zoho.in/file/wyumwe36e9f96ab07403eaef8034c91550e98
,https://workdrive.zoho.in/file/wyumw8e58c92ddbea4e54b9ff9d645ab9edde
,https://workdrive.zoho.in/file/wyumwbb2ea72a0acf45db8bc981f4df4fa4b6
,https://workdrive.zoho.in/file/wyumwe6c268e7ff914b899fe8b6cd182de81c
,https://workdrive.zoho.in/file/l1tkdc87dcd77d9cc465b9c0eb570f8f1088e
CCSHAU - Contact Details,https://workdrive.zoho.in/file/f03zhe2ca349513694e40800d22634f369d01
PAU SEED,https://workdrive.zoho.in/file/ma9uqc8d68e298c9c4963b36da20a6c0bb4d6
,https://workdrive.zoho.in/file/skuoeff15e8f04da74b6ca5e9b28c619b51b8
,https://workdrive.zoho.in/file/skuoe29102843464f47df9a156fd11d298c19
GOI- Department of Agriculture & Farmers Welfare,https://workdrive.zoho.in/file/p6f8l3f83bc7a79aa4caaa148ec7082afdec1
,https://workdrive.zoho.in/file/bl5am01334950a12d4f6eb37a91851f1d542a
,https://workdrive.zoho.in/file/bl5am420ecb8d389945cdbc87645d2e739df9
,https://workdrive.zoho.in/file/bl5am967d58064bc447c6abe8c2d0d03b177b
,https://workdrive.zoho.in/file/bl5am8e99587a18094bd594864cd95310a495
,https://workdrive.zoho.in/file/bl5am35f592a6aee349039c33486e873dcf7a
,https://workdrive.zoho.in/file/kqvfr32f61ff9dbdd422e925b2acbc54b8a37
,https://workdrive.zoho.in/file/kqvfr8ff85d5b082049a198efe2fb10bbd5c5
,https://workdrive.zoho.in/file/kqvfr4bc6f4391b3f460689dc63a6b8b9d7ba
,https://workdrive.zoho.in/file/kqvfrdc9bdfe6664b4af7b77b60687b89b31f
,https://workdrive.zoho.in/file/kqvfrf2777d9eef574427b2790c092e148d9d
,https://workdrive.zoho.in/file/kqvfr5e20bf1f7e7142ab86da5cd538839a9d
,https://workdrive.zoho.in/file/kqvfr51534c8ae6ce4e24b9af21b8eaf30709
,https://workdrive.zoho.in/file/kqvfrb738dd8e49854277a5bd51cb671f31a4
,https://workdrive.zoho.in/file/go70v06564f622cb041e293982b0375b10569
,https://workdrive.zoho.in/file/go70v462fc65db3e74bea884c2a312e3d82c6
,https://workdrive.zoho.in/file/go70v41bbde74d442444081b4d0cc76a1953d
,https://workdrive.zoho.in/file/go70v8364740c7dd84b77849c7e01d1dafe33
,https://workdrive.zoho.in/file/go70v72c1a352085e4227ae89ee378b8d61f6
,https://workdrive.zoho.in/file/go70v19704f7d39b0455784d3d335ffc8e45d
,https://workdrive.zoho.in/file/go70v0e53cab1fc734ffeafc5e80ff6843473
AgMarket 2.0,https://workdrive.zoho.in/file/f03zhb252a46d39b84ce18be4480acedbfdcb
"Farmer Registry, Govt. of MP",https://workdrive.zoho.in/file/anv1vee29fcd21cfe469da29c09b750e1acf9
,https://workdrive.zoho.in/file/anv1v43308c6f93d14b93973e85c7c2d6cf64
,https://workdrive.zoho.in/file/ifu0ne6ff3d1d568c4e5d8e8c11a3307c51e5
,https://workdrive.zoho.in/file/mjszo2118e457e78f48e0b07e3b1667a00e43
,https://workdrive.zoho.in/file/6b177c95c83df30104252a5d8bf9b92b16ce7
,https://workdrive.zoho.in/file/6b1778f51d44321c641e08c64cf3f13f96cb6
,https://workdrive.zoho.in/file/mjszo8779b5093ee84827995bd16870c50737
,https://workdrive.zoho.in/file/q0i0931a4fbcb726848b9ab941730d5185ded
,https://workdrive.zoho.in/file/jzztx4d42cd2f719e42799d616f51df856c5d
UHS University Information,https://workdrive.zoho.in/file/7be2w4963d47b8ffc420485f1c8388e0b6f25
PPQS Fungicides list,https://workdrive.zoho.in/file/fdy6bdfdb6effeea7486da77b012386c13157
,https://workdrive.zoho.in/file/ea2znfe5e059a64ce4ef5802772452b88e930
,https://workdrive.zoho.in/file/g3f7td435a4512dd948ddad73c70a12a0badc
,https://workdrive.zoho.in/file/435hha4efa278f94b40089594ef2235b08256
,https://workdrive.zoho.in/file/4xdjhabe281cbe9704941af12c45e3279175f
,https://workdrive.zoho.in/file/4xdjh89cb5318fafe4d0cafbc782225f98eea
,https://workdrive.zoho.in/file/435hh78bd26772bd24ea0a233e790f63eaa43
,https://workdrive.zoho.in/file/ottdw94c1041cf2ef459b853ef0abd2d6ed60
,https://workdrive.zoho.in/file/shhin9410f10b42ba462ea80e33f66e0b7f47
"Bharat MOP Fertilizer - Hindustan Urvarak & Rasayan Limited, New Delhi",https://workdrive.zoho.in/file/fh79nefb530e1a7bc47d9ae7839d868ebf779
,https://workdrive.zoho.in/file/2ojp347b4a9c556ab4b8da5525e3d04a2bc08
,https://workdrive.zoho.in/file/2ra2h09947c69c8a64bb1b691e3e71801e4c1
,https://workdrive.zoho.in/file/2ra2hf6b9b34ccd2b4631bb6bbea9e8a73406
,https://workdrive.zoho.in/file/shhine4c0c068bb394533bcb89c690671dcfb
,https://workdrive.zoho.in/file/shhinc7ba0b69dd714a029569ba1be6f58ba8
,https://workdrive.zoho.in/file/pabgg6e3c1b3b8db046d5bf520f843ce0bb3f
,https://workdrive.zoho.in/file/pabgg8f5d707d1d5a44158a46810437a1f4e3
,https://workdrive.zoho.in/file/510qadc8a117fe72a4ac2ba2e71adafa5e0dd
,https://workdrive.zoho.in/file/ottdw61bb56ad48e94715a932c67ec73cbba7
,https://workdrive.zoho.in/file/hhrskf88f5a733b5e42098ca2b69e68d593c8
,https://workdrive.zoho.in/file/ottdwb0b30ac43c1b486e80922dddf0070cde
,https://workdrive.zoho.in/file/ottdw8710668d82374342b4eef4bab48d9186
,https://workdrive.zoho.in/file/bhhqu69c1cfc2e46e4018b7b7318950224381
IFFCO-NPK liquid consortium,https://workdrive.zoho.in/file/p7iy5c40b1032e5594f1385ec27f44b06c466
,https://workdrive.zoho.in/file/mwsxe95d4e4366a7545ee9e3aa15cb8855f1e
Bharat aadhar seeding enabler-SBI,https://workdrive.zoho.in/file/p7iy5a340337832024760a61e84748dddcbb9
,https://workdrive.zoho.in/file/p7iy577aa4774d47a45f4a5fb2878b2dbd8e5
,https://workdrive.zoho.in/file/p7iy5b8ab4af2d2884fb9872b0aab0b1dc436
Pradhan Mantri Kisan Urja Suraksha evam Utthaan Mahabhiyaan (PM KUSUM),https://workdrive.zoho.in/file/6jrynad61c3068ed14ee181fc7564c4941b1a
,https://workdrive.zoho.in/file/6jryn588839e2da5f493e982f4913bba795f8
,https://workdrive.zoho.in/file/qyqoqedd035ba58d1487fbd3f6c7c19b22555
IFFCO liquid Consortia,https://workdrive.zoho.in/file/6jryn38d466fcc606495e9dfd028964c39334
,https://workdrive.zoho.in/file/qyqoq37e6201dd9314e858cea2795bb457e97
,https://workdrive.zoho.in/file/qyqoqb5739d4c0b8549a8927d49bbe366d151
NABARD-Hi-tech Agriculture,https://workdrive.zoho.in/file/wqwyd0eaf7ae68a7d4229a01333cbd9ada40d
,https://workdrive.zoho.in/file/x4582b579c41c3b354a9dbeee6d8f00129864
,https://workdrive.zoho.in/file/mwsxeb1e8a07ba7f24878829186efd83a9e21
,https://workdrive.zoho.in/file/mwsxe059a907fee654f208d03c6fac76742c7
,https://workdrive.zoho.in/file/zhubf0c093e6a0b1049ee83cb3efd198a37d9
AWAR Programme (M.S. Swaminathan),https://workdrive.zoho.in/file/7bvgn84b80f1055c045d39618900678762280
,https://workdrive.zoho.in/file/mwsxe7ba8e1d5dadf42bbb7a2655e1a581178
,https://workdrive.zoho.in/file/a7d21a89fc7ba6e2841a590b461a689386f31https://workdrive.zoho.in/file/a7d21a89fc7ba6e2841a590b461a689386f31
,https://workdrive.zoho.in/file/uef6dc8ca835328e3438487ff4600340a6233
"Seed quality - Centre for Indian Knowledge Systems, Chennai - Centre for Indian Knowledge Systems, Chennai",https://workdrive.zoho.in/file/095h54dc34f1089a74a1e83769ae966ab817a
TNAU RICE ORGANIC CULTIVATION,https://workdrive.zoho.in/file/lwpx00f56564d9a634290b12a303b4112c686
,https://workdrive.zoho.in/folder/tk5ivb3da4e168e224be59a9e41f3796a4276
,https://workdrive.zoho.in/file/vt5o1b59b362d32db4ba9bdacc89babd17de8
,https://workdrive.zoho.in/file/vswpl0024b38e16b34eaba3029ec281aa3db0
,https://workdrive.zoho.in/file/1x1sb275fedb1fe3e4e7584b988f24013c1b8https://workdrive.zoho.in/file/1x1sb275fedb1fe3e4e7584b988f24013c1b8
,https://workdrive.zoho.in/file/c1j4y68c7e90b012b4f87815323e08268777
IFFCO Potassium Nitrate 13:00:45,https://workdrive.zoho.in/file/bk3vw81c02226a856493bbef6cd7516964ff8
,https://workdrive.zoho.in/file/2yn4m7d2ca655825145c58327784e319f70ca
,https://workdrive.zoho.in/file/z1hra902d19379ba94b85af607613b617b2e0
"BAIPP - Bihar Agri Investment Promotion Policy - Directorate of Horticulture, Govt. of Bihar - Directorate of Horticulture, Govt. of Bihar",https://workdrive.zoho.in/file/z1hracbb85c1615114b219098ce4809e1c944
,https://workdrive.zoho.in/file/z1hra26d39ecd65f64e64bb3e7964f6b4ec73
GOI-PGR,https://workdrive.zoho.in/file/wtnfr13e4b2feb16d486fa93d0266294bced5
GOI-fungicide,https://workdrive.zoho.in/file/wtnfr47f14783fc7a4df4b650f7083a4350f6
TNAU crop protection,https://workdrive.zoho.in/file/j7539ceb2b500cabe4407a251ed6306d41c92https://workdrive.zoho.in/file/j7539ceb2b500cabe4407a251ed6306d41c92
Preview not available,https://workdrive.zoho.in/file/j7539fc6e37d2e85749bba25bd2af8d9727ad
GOI-pesticide,https://workdrive.zoho.in/file/wtnfr29e6c849a25e4e09bc749f113e9f0ca6
Preview not avaliable,https://workdrive.zoho.in/file/uapvbcdb8ba91d1b94e74904b37ffc640ebe1
,https://workdrive.zoho.in/file/lnrfy1644e1e706f04601b33b816638d7af6a
UP POP,https://workdrive.zoho.in/file/l67vl31d27b059878422eb3b9caa5eab3008d4
,https://workdrive.zoho.in/folder/l67vle85ad130c8ac4b749dbea396231d723f
UP State POP-Krishi Vibhag,https://workdrive.zoho.in/file/xboj625c6aeb61f4349868e8a4520d67b48c4
UP Comprehensive POP Krishi Manjusha,https://workdrive.zohoexternal.in/folder/xboj651ae7ee7d76c407680872be1deb5217d?layout=list
UP Comprehensive POP Krishi Manjusha_Hindi (1).pdf- Uttar Pradesh Comprehensive Package of Practices,https://workdrive.zohoexternal.in/file/xboj6b31d42bf5d4343a2b9d5fd1258017987
TNAU agritech portal,https://workdrive.zoho.in/file/v5kwjfe089776bae24457b7b40d4691c085c5
UP Comprehensive POP Krishi Manjusha,https://sheet.zoho.in/sheet/published/xboj6f916adeb55b140c0aa8c47c3d1a040fe?sheetid=0&range=G181
GROUNDNUT-TNAU Agritech,https://agritech.tnau.ac.in/agriculture/CropProduction/Oilseeds/oilseeds_groundnut01.html
UP Comprehensive POP Krishi Manjusha- Uttar Pradesh Practice of Package,https://workdrive.zohoexternal.in/folder/xboj609474840959d47959214638a11eb1b9b
UP Comprehensive POP Krishi Manjusha,https://workdrive.zoho.in/folder/xboj6ddfad60fb60f4be0ab89cba0402a8b97?layout=list
Crop Protection : Pests of Bengal Gram-TNAU Agritech,https://agritech.tnau.ac.in/crop_protection/crop_prot_crop_insect_pul_bengal%20gram.html
India Chickpea Production (1).pdf,https://workdrive.zohoexternal.in/folder/qq0vwdaaa6ad74e0f42d4a38f6b11b04a6efa?layout=list
"TNAU Agritech Portal Crop Protection ,TNAU-Tamilnadu Agricultural University",https://agritech.tnau.ac.in/crop_protection/chickpea_disease/chickpea_5.html
UP Comprehensive POP Krishi Manjusha,https://sheet.zoho.in/sheet/published/xboj6b7751bf839c441fc9a84cdf30db0738d?sheetid=0&range=G624
IFFCO,"https://www.iffco.in/en/urea-fertilizer#:~:text=Urea%20is%20the%20most%20important,a%20nutritional%20supplement%20for%20cattle."
"TNAU AGRIPORTAL CROP PROTECTION,TNAU- Tamilnadu Agricultural University","https://agritech.tnau.ac.in/crop_protection/groundnut/crop_prot_crop_insect_oil_ground%20nut_12.html#:~:text=Symptoms%20of%20damage:,wilted%20plants%2C%20dying%20in%20patches."
"TNAU AGRITECH PORTAL CROP PROTECTION, TNAU- Tamilnadu Agricultural University",https://agritech.tnau.ac.in/crop_protection/groundnut/crop_prot_crop_insect_oil_ground%20nut_4.html
TNAU AgriTech Portal,https://workdrive.zoho.in/file/iyhmo322d8ecc5c8a417499a30b6a669a1914
,https://workdrive.zoho.in/file/uapvb6232a8f693f24670969bcfbf23c1c80bhttps://workdrive.zoho.in/file/uapvb6232a8f693f24670969bcfbf23c1c80b
,https://workdrive.zoho.in/file/nkooe2bd3e4929af14b5882574d33ed1a35e3
TNAU-Nutrient Management,https://workdrive.zoho.in/file/v7533ccad584bffa147f3bd3d52c2bc96a605
UP Comprehensive POP Krishi Manjusha- Uttar Pradseh Package of Practices,https://workdrive.zoho.in/folder/xboj6ddfad60fb60f4be0ab89cba0402a8b97
State Seed Coperation Contact Details-Seed Net India Portal,https://workdrive.zoho.in/file/u9pf71b9fd1dcf87d4b93847c36bc8487ae90
POP bengal Gram for UP,https://sheet.zoho.in/sheet/published/xboj6b7751bf839c441fc9a84cdf30db0738d
eNam Registration Guidelines,"https://enam.gov.in/web/stakeholders-Involved/farmers#:~:text=%2D%20mandatory%20details%20like%20Name%2C%20Sex,in%20an%20e%2DNAM%20mandi."
"Triacontanol 0.1 %EW information-Central Insecticide Board & Registration Committee,Haryana",https://workdrive.zoho.in/file/v5kwj3308e16e038b45fab365824494e36fb2
AICRP - Dry Land Agriculture - chickpea,https://workdrive.zohoexternal.in/file/qq0vwd9b32892efa74bb3b6ebce9a8840b576
agri farming,https://www.agrifarming.in/frequently-asked-questions-about-fertilizers-
POP - water management paddy,http://www.agritech.tnau.ac.in/expert_system/paddy/cultivationpractices3.html
POP Okra UP,https://sheet.zoho.in/sheet/published/dixwu387913d2ac814f9f9472ee7f79157610
"Okra disease NHB.pdf,NHB-National Horticulture Board",https://workdrive.zohoexternal.in/folder/tz2iw0d014bb4dc634b9f884577cdc54de711?layout=list
Bhendi .pdf,https://workdrive.zohoexternal.in/folder/u9pf7c3ecd49909d948aabbda218c693120a1?layout=list
UP Comprehensive Krishi Manjusha- Uttar Pradesh Package of Practices,https://workdrive.zohoexternal.in/folder/u9pf7c3ecd49909d948aabbda218c693120a1
,https://workdrive.zoho.in/file/xww676d64b05866904175a21601ccbc4d7c21https://workdrive.zoho.in/file/xww676d64b05866904175a21601ccbc4d7c21
POP Okra - UP,https://sheet.zoho.in/sheet/published/u9pf7d1793f8c7d6345a8aa1c16bbe7d6d480
NRRI,https://nrri.in/?utm_source=chatgpt.com
IIMR ludhina,https://www.researchgate.net/publication/380898025_ICAR-Indian_Institute_of_Maize_Research_PAU_Campus_Ludhiana_Punjab-141_004_India_Maize_Production_for_Food_Feed_and_Fodder?utm_source=chatgpt.com
POP for Groundnut UP,https://sheet.zoho.in/sheet/published/xboj6f916adeb55b140c0aa8c47c3d1a040fe
press information bureau,https://www.pib.gov.in/PressReleasePage.aspx?PRID=2003998&utm_source=chatgpt.com
UP- POP for Sunhemp,https://sheet.zoho.in/sheet/published/hcuw6a938388ec369433a8f6b21e059c9a8fc
Indian Agriculture Research Journal,https://epubs.icar.org.in/index.php/IndHort/article/view/101931?utm_source=chatgpt.com
ICAR,https://icar.org.in/
TANU,https://www.agritech.tnau.ac.in/expert_system/banana/cropprotection.html?utm_source=chatgpt.com
Hairy caterpillars: Eupterote spp TNAU Agritech,https://agritech.tnau.ac.in/crop_protection/crop_prot_crop_insect_oil_castor.html
State: Barseem Haryana POP.,https://workdrive.zoho.in/file/82egn2a6309ff5
HAU,https://workdrive.zoho.in/file/pw6rd8518f21d81c34858829ccc592f2aa1db
Vikaspedia-Guava_ Diseases and symptoms,https://workdrive.zoho.in/file/pw6rd02a33cdd793d4dccb980d046ca12be8a
Chaudhary Charan Singh Haryana Agricultural University -variety,https://workdrive.zoho.in/file/pw6rdeebe1c0b31f94e9eb583b7426ca6a019
National Horticulture Board,https://nhb.gov.in/nursery/report/nurseryreport.aspx?enc=JFg4M7VAmRWST8gU62nUMw==
TNAU-guava disease,https://workdrive.zoho.in/file/hkx0jae5c8d4e6ee8482faa96a30028b4e836
CCSHAU State: Variety of Guava,https://workdrive.zohoexternal.in/file/pw6rdeebe1c0b31f94e9eb583b7426ca6a019
ICAR-Indian Institute of Millets Research,https://www.millets.res.in/books/Pests_of_Millets.pdf
"ICAR-AICRP on Pearl Millet,",https://www.aicpmip.res.in/pathogolical.html
POP for Crops of Punjab KHARIF 2024,https://pau.edu/content/ccil/pf/pp_kharif.pdf
agri machinery,https://agrimachinery.nic.in/
TNAU POP,https://agritech.tnau.ac.in/crop_protection/mustard/crop_prot_crop_insect_oil_mustard_6.html
Crop Production :: Millets:: Cumbu TNAU,https://agritech.tnau.ac.in/agriculture/millets_cumbu.html
Recommended_package_of_practices-Pearl_millet.pdf IIMR,https://millets.res.in/technologies/Recommended_package_of_practices-Pearl_millet.pdf
Microsoft Word - PMP - WDD Karnataka,https://watershed.karnataka.gov.in/storage/pdf-files/Sujala%20Docs/PMP.pdf
POP PearlnMillet,https://workdrive.zohoexternal.in/folder/hfa81b2a568cc72d84b689d59bd5304b8c625
Pop of pearl millet,https://sheet.zoho.in/sheet/published/jod1z14021c28f16b465588ad31b54c3f22f1
Human‑Wildlife Conflict (2023),https://indo-germanbiodiversity.com/pdf/publication/publication25-04-2023-1682406891.pdf
ICAR- AGRO ADVISORY,https://icar.gov.in/sites/default/files/Circulars/ICAR-En-Kharif-Agro-Advisories-for-Farmers-2025.pdf
ppqs,https://workdrive.zoho.in/file/2wk8feb5b2e4af565468cb7657146bc41d706
IMD weather portal,https://mausam.imd.gov.in/
ICAR AGROMET ADVISORY,https://www.icar.gov.in/sites/default/files/2022-07/CWR-21-04-2022.pdf
Uttar Pradesh Pearl Millet,https://sheet.zoho.in/sheet/published/jod1z78899db2401b49d3aaa156aac4057670
AICRP On pearl millet _ ICAR-All India Coordinated Research Project,"https://www.aicpmip.res.in/technologies.html#:~:text=Application%20of%2040%20kg%20N,sunflower%20needed%20100%25%20at%20Bijapur."
icar wheat advisory,https://iiwbr.icar.gov.in
Weed Management in Millets ICAR-DWR,https://dwr.org.in/Downloads/Technical_Bulletin/Technical%20Bulletin%20No-25%20-%20Weed%20Management%20in%20Millets.pdf
Pop of cluster bean,https://workdrive.zohoexternal.in/folder/xkzlt4580cf7ab40748f7b296decf15bc8bf7
Nematode tnau,https://workdrive.zoho.in/file/e5w44b2a0fb676b4a4361aac7f0a8468acd75
Uttar Pradesh Brinjal,https://sheet.zoho.in/sheet/published/qe7xud333fa4c0e7c4fe4bbff6609582ee808
Haryana Bengal Gram( Chana),https://sheet.zoho.in/sheet/published/o7ct83087ad7f043b400197077b7d82285628
ICAR - AICRP on small Millets Benguluru,https://www.millets.res.in/farmer/Small_Millet_Pub/2018/1Millet-diseases.pdf
Smut Disease of Pearl Millet,https://oar.icrisat.org/984/1/RA_00206.pdf
Pop for blight from TANU,http://www.agritech.tnau.ac.in/expert_system/paddy/cpdisblb.html#Mgmt
POP greengram,https://workdrive.zohoexternal.in/folder/g25go960f76ec125b4e01acfacb28361012d9
,Answer reviewed and approved by moderator
TNAU AGRI TECH Portal,http://www.agritech.tnau.ac.in/crop_protection/cotton/crop_prot_crop_insectpest%20_cotton_13.html
zoho sheet,https://sheet.zoho.in/sheet/published/qe7xu0adbb5bc5f514729b8e338ec80cf30a5?sheetid=0&range=B100
AESA BASED IPM PAckAgE ToMATo,https://workdrive.zohoexternal.in/folder/xww672d551d86ee2140598385946ef67cabda?layout=list
CCSHAU,https://workdrive.zoho.in/file/225ve2a6c433b063d47ed904594ec189da582
Chaudhary Charan Singh Haryana Agricultural University  white fly pdf,https://workdrive.zohoexternal.in/folder/1j88o4c30e6e8168f49cb87788b1c615c2e14?layout=list
Pop of tomato,https://workdrive.zohoexternal.in/folder/pcgrwb3beb2c863714a2789362835b265fd90
Pop of haryana,https://workdrive.zohoexternal.in/folder/xww672d551d86ee2140598385946ef67cabda
CCSHAU,https://workdrive.zoho.in/file/rznjh545df498afd94dc9b4782e7e6fc7e556
CCSHAU,https://workdrive.zoho.in/file/rznjh5c01a217dcd443dba65d513e29869a08
English POP Disease,https://workdrive.zohoexternal.in/folder/n7cyy60e04c038d9640a5a9f5fba9c82900dd
state POP,https://workdrive.zohoexternal.in/folder/n7cyyd07d68700dc64c4c96ad61a283129c36
Physiological Disorders,https://agritech.tnau.ac.in/ta/Agriculture/Physiological_disorder_horti.pdf
Haryana POP - Insect pest control,https://workdrive.zohoexternal.in/folder/n7cyyf1a0d1f2f7494ad989b334b85b4f29af
POP-POTATO-HARYANA,https://workdrive.zohoexternal.in/folder/n7cyyd07d68700dc64c4c96ad61a283129c36?layout=list
CCSHAU,https://workdrive.zohoexternal.in/folder/n7cyyc9cec729e8aa463196e5490acb6c4e79
CCS HAU,https://workdrive.zohoexternal.in/file/rznjh545df498afd94dc9b4782e7e6fc7e556
Root knot nematode: Meloidogyne incognita - TNAU Agritech,https://agritech.tnau.ac.in/crop_protection/nematology/crop_prot_nematode_veg_root_nemo.html
zoho sheet,https://sheet.zoho.in/sheet/published/0zfnhb40ddc2775c547f89794fb0ad7d45fdf?sheetid=0&range=B43
POP Haryana Bottle guard,https://workdrive.zohoexternal.in/folder/xww6777bee074bdac41209d5739a8540a2f1c?layout=list
TNAU Agritech Portal :: Crop Protection,https://agritech.tnau.ac.in/crop_protection/gourds_diseases_3.html
Haryana pop,https://sheet.zoho.in/sheet/published/0zfnhb40ddc2775c547f89794fb0ad7d45fdf
Rats-TNAU Agritech,http://www.agritech.tnau.ac.in/expert_system/paddy/cpnonrat.html
SGA_HR_Pearl millet,https://sheet.zoho.in/sheet/published/0zfnhbbd3314be1ef45b4802a123797fb7067
CHAUDHARY CHARAN SINGH HARYANA AGRICULTURL UNIVERSITY,https://workdrive.zohoexternal.in/folder/tpafi18a5898a081242599fc46d758b3c1f42?layout=list
POP-HARYANA PEARLMILLET,https://workdrive.zohoexternal.in/folder/xww678c3e285ce4cf44ca8213dcb36d6adb4e
NIPHM,https://workdrive.zohoexternal.in/folder/hfa8188a94aa115cd4eb1897ea5f687f3b264?layout=list
Pop of haryana,https://workdrive.zohoexternal.in/folder/hfa8188a94aa115cd4eb1897ea5f687f3b264
Rice - Package of Practices,https://workdrive.zohoexternal.in/folder/2bmyq19e121b70e864bf8bdac9db720b47233?layout=list
HSDC,https://haryanaseeds.org.in/products/field-crops/kharif-crops/bajra
POP-Package of Practices Kharif 2025_PAU Punjab Agriculture University_Ludhiana,https://storage.googleapis.com/annam-dataset/pops/Punjab_Kharif_2025.pdf
Kharif Onion,https://workdrive.zohoexternal.in/folder/xyy4kfdabc51542014df8bf233c03a55ba8b9
Rabi Onion,https://workdrive.zohoexternal.in/folder/xyy4k1d86a02a18d440a3ac56e8fea6cd1749
SGA_HR_Onion,https://sheet.zoho.in/sheet/published/0zfnh9eb3aad86b154afb8c0434d5ff2fe2b9
NHB,https://workdrive.zoho.in/file/xyy4k4fae8e9cdb50403a88b94eb5c4cf6284
Onion Disaeses-NHB,https://workdrive.zohoexternal.in/file/xyy4k4fae8e9cdb50403a88b94eb5c4cf6284
CHAUDHARY CHARAN SINGH AGRICULTURAL UNIVERSITY,https://workdrive.zohoexternal.in/folder/xyy4k0b1321a234094c8d974dfe9d18de6d15?layout=list
CCSHAU-Haryana,https://workdrive.zohoexternal.in/folder/xyy4kacd919f9f74244649775428611fc8e43
POP-HARYANA ONION,https://workdrive.zohoexternal.in/folder/xyy4kd55ddba1796c40628d4bad24a7c36138?layout=list
CCSHAU,https://workdrive.zohoexternal.in/folder/xyy4kfdabc51542014df8bf233c03a55ba8b9?layout=list
CCSHAU,https://workdrive.zohoexternal.in/folder/xyy4k1d86a02a18d440a3ac56e8fea6cd1749?layout=list
Post harvest Handling and processing,https://workdrive.zohoexternal.in/file/egcqk5aefaac1cfc244ada546b7455cc20bad
"NHB Guava Propagation Method_National Horticulture Board, Gurugram, Haryana.pdf",https://workdrive.zohoexternal.in/folder/ufqv7175b3b5a39754c1b977a7edcd6e607c1?layout=list
"Glimpses of Sugarcane Cultivation-Directorate of Sugarcane Development,Lucknow,Uttarpradesh.pdf",https://workdrive.zohoexternal.in/folder/88tep928d19b666f74f2a92f12d6f33565c6c?layout=list
TNAUAGRI INFOTECH,https://workdrive.zohoexternal.in/folder/krmj738a22803314e4c67a72e0cb955becb08?layout=list
BlackgramandGreengram.pdf,https://sheet.zoho.in/sheet/published/8ydc62f3a4aebc06449a68958088b3b1df27d
TNAU Agritech Portal,https://agritech.tnau.ac.in/org_farm/orgfarm_green%20manure.html
Low cost wild boar managment methods Kerala - Kerala Agricultural University,https://www.ainpvpm.in/Archive/Folder/Low%20cost%20wild%20boar%20managment%20methods.pdf
Haryana pop,https://sheet.zoho.in/sheet/published
Punjab Rabi Season crops,https://workdrive.zohoexternal.in/folder/xww67437388a407984886aa71ce9ad01793ea?layout=list
RKB- IRRI,https://workdrive.zoho.in/file/1j88occ0c618512694226919203def21bc630
SGA_HR_sugarcane,https://sheet.zoho.in/sheet/published/qe7xu2bcb98f8c93f4f8ca2e4de1b6ce81747
Pop of sugarcane,https://workdrive.zohoexternal.in/folder/g3f7t05b914c79fc249068badc3e066bbcfb6
Co 0238 – The Wonder Variety of Sugarcane.pdf,https://icar.org.in/en/node/4869
POP english Emausamhau,https://workdrive.zohoexternal.in/folder/1j88obb2f498ec2db4756bcca6f0a35f32421
Haryana pop,https://sheet.zoho.in/sheet/published/8ydc62f3a4aebc06449a68958088b3b1df27d?sheetid=0&range=B410
haryana pop,https://sheet.zoho.in/sheet/published/8ydc62f3a4aebc06449a68958088b3b1df27d?sheetid=0&range=B397
haryana pop,https://sheet.zoho.in/sheet/published/8ydc62f3a4aebc06449a68958088b3b1df27d?sheetid=0&range=B14
haryana pop,https://sheet.zoho.in/sheet/published/8ydc62f3a4aebc06449a68958088b3b1df27d?sheetid=0&range=B212
haryana pop,https://sheet.zoho.in/sheet/published/8ydc62f3a4aebc06449a68958088b3b1df27d?sheetid=0&range=B233
haryana pop,https://sheet.zoho.in/sheet/published/8ydc62f3a4aebc06449a68958088b3b1df27d?sheetid=0&range=B56
haryana pop,https://sheet.zoho.in/sheet/published/8ydc62f3a4aebc06449a68958088b3b1df27d?sheetid=0&range=B105
Haryana pop,https://sheet.zoho.in/sheet/published/8ydc62f3a4aebc06449a68958088b3b1df27d?sheetid=0&range=A85
haryana pop,https://sheet.zoho.in/sheet/published/8ydc62f3a4aebc06449a68958088b3b1df27d?sheetid=0&range=B52
UP POP,https://sheet.zoho.in/sheet/published/jod1z14021c28f16b465588ad31b54c3f22f1?sheetid=0&range=B27
Pearlmillet-NIPHM.pdf,https://workdrive.zohoexternal.in/folder/jod1z11a227a2e3f44ab7beff69c401de1690?layout=list
UP POP,https://sheet.zoho.in/sheet/published/jod1z14021c28f16b465588ad31b54c3f22f1?sheetid=0&range=B484
agritech,"https://agritech.tnau.ac.in/crop_protection/mustard/crop_prot_crop_insect_oil_mustard_6.html#:~:text=Use%20tolerant%20varieties%20like%20JM,of%2010%2D15%20adults/day"
agritech,https://iiwbr.org.in/wp-content/uploads/2024/01/RB-51-Compendium-of-Wheat-Varieties-Notified-in-India-During-2018-2023.pdf#:~:
Global agriculture,"https://www.global-agriculture.com/seed-industry/high-yielding-wheat-varieties-for-india-rabi-2025/#:~:text=Table_title:%20List%20of%20Climate%2DResilient%20Wheat%20Varieties%20(Rabi,Chapati%20(7.5)%20&%20bread%20(8.24)%20quality%20%7C"
garden design,https://www.gardendesign.com/
Agronomy jopurnal,https://www.agronomyjournals.com/
agritech,http://www.agritech.tnau.ac.in/
The Journal of agricultural sciences,https://www.cambridge.org/core/journals/journal-of-agricultural-science
Verdesian life sciences,https://vlsci.com/blog/chelated-micronutrients-guide/
POP-UP PEA,https://workdrive.zohoexternal.in/folder/at1bvc5e9e974813e4c708800c93d922dd82c?layout=list
SGA_UP_Pea,https://sheet.zoho.in/sheet/published/zn41a49d4452ccc8f455b90a49f026c19ef70
Pop of up,https://workdrive.zohoexternal.in/folder/at1bvc5e9e974813e4c708800c93d922dd82c
UP POP KRISHI GYAN MANJUSHA,https://workdrive.zohoexternal.in/folder/m6u9mb7d3a9fbe36345ad9a8ba7b1a1bdca13?layout=list
PPQS,https://workdrive.zohoexternal.in/folder/u9kbrf8baddd546404f53baa6e25fd89f54fc
POP-UP MANGO- KRISHI GYAN MANJUSHA,https://workdrive.zohoexternal.in/folder/u9kbr36a22d54d5e34030a949cf6ddbbeb753?layout=list
NIPHM,https://www.niphm.gov.in/IPMPackages/Rice.pdf
Rice variety_ IARI,https://workdrive.zohoexternal.in/file/bvye6d75d9ab70b434eaf910edf5fa93f0a05
"Major Uses of Fungicides_Directorate of Plant Protection, Quarantine & Storage, Faridabad",https://workdrive.zohoexternal.in/folder/stxepcc07729e3ace4d7e9d93c143d73b93cf?layout=list
Rabi pop PAU.PDF,https://workdrive.zohoexternal.in/folder/q5ix5e63fa0fa86834e9ab5679306d8e9d773?layout=list
TNAU,"https://agritech.tnau.ac.in/crop_protection/tomato/tomato_7.html#:~:text=Eggs%3A%20Hyaline%2C%20globular%20laid%20in,Adult%3A%20Red%20coloured%20small%20sized"
Pop of haryana,https://workdrive.zohoexternal.in/folder/xyy4kd55ddba1796c40628d4bad24a7c36138
harvest,https://workdrive.zoho.in/file/0j2r53eebb8769e1741a68bdf6ee29033d080
POP Horticulture Crops - Assam,https://workdrive.zoho.in/file/zu51z77b1df0c2517414db0159f9ae7b034ab
Agricultural Crops Analysis - Assam,https://workdrive.zoho.in/file/zu51z484cf7b115964ce1ae8ac87a2d90bde7
Coconut-Based Multiple Cropping,https://workdrive.zoho.in/file/zu51zed748521a97b4cccabd70815a4531521
Adheena Victor,https://keralaagriculture.gov.in/wp-content/uploads/2021/04/Aromatic_medicinal_rice_varieties.pdf
Adheena Victor,https://www.celkau.in/crops/cereals/rice/varieties.php
Adheena Victor,https://drive.google.com/drive/folders/1UoLoNn28PI11JU5t8zgSrLx4Fs8rYTCt
Adheena Victor,https://www.celkau.in/Crops/Cereals/Rice/nm.aspx
Adheena Victor,https://www.celkau.in/crops/cereals/rice/manuring.php
NIPHM,https://workdrive.zohoexternal.in/folder/bvye6d1c55963e0904504b4346e89111c92f6?layout=list
